2026-07-14 08:42:51.362 [http-nio-8082-exec-7] INFO  com.banque.msoc.service.OcNotificationService - [MS-OC SSE] Nouveau client connecté. Clients actifs: 4
2026-07-14 08:42:51.461 [http-nio-8082-exec-7] INFO  com.banque.msoc.service.OcNotificationService - [MS-OC SSE] Event CONNECTED envoyé au client SSE.
2026-07-14 08:43:08.518 [HikariPool-1 housekeeper] WARN  com.zaxxer.hikari.pool.HikariPool - HikariPool-1 - Thread starvation or clock leap detected (housekeeper delta=18h4m2s773ms911µs900ns).
2026-07-14 10:37:29.942 [scheduling-1] WARN  com.zaxxer.hikari.pool.PoolBase - HikariPool-1 - Failed to validate connection oracle.jdbc.driver.T4CConnection@5f00f3e7 (Erreur d'E/S: Invalid Operation, NOT Connected). Possibly consider using a shorter maxLifetime value.
2026-07-14 10:37:34.980 [scheduling-1] WARN  com.zaxxer.hikari.pool.PoolBase - HikariPool-1 - Failed to validate connection oracle.jdbc.driver.T4CConnection@406522ac (Erreur d'E/S: Invalid Operation, NOT Connected). Possibly consider using a shorter maxLifetime value.
2026-07-14 10:37:40.041 [scheduling-1] WARN  com.zaxxer.hikari.pool.PoolBase - HikariPool-1 - Failed to validate connection oracle.jdbc.driver.T4CConnection@590a2731 (Erreur d'E/S: Invalid Operation, NOT Connected). Possibly consider using a shorter maxLifetime value.
2026-07-14 10:37:45.101 [scheduling-1] WARN  com.zaxxer.hikari.pool.PoolBase - HikariPool-1 - Failed to validate connection oracle.jdbc.driver.T4CConnection@bea5b94 (Erreur d'E/S: Invalid Operation, NOT Connected). Possibly consider using a shorter maxLifetime value.
2026-07-14 10:37:50.116 [scheduling-1] WARN  com.zaxxer.hikari.pool.PoolBase - HikariPool-1 - Failed to validate connection oracle.jdbc.driver.T4CConnection@22b86209 (Erreur d'E/S: Invalid Operation, NOT Connected). Possibly consider using a shorter maxLifetime value.
2026-07-14 10:37:55.132 [scheduling-1] WARN  com.zaxxer.hikari.pool.PoolBase - HikariPool-1 - Failed to validate connection oracle.jdbc.driver.T4CConnection@5a52d62c (Erreur d'E/S: Invalid Operation, NOT Connected). Possibly consider using a shorter maxLifetime value.
2026-07-14 10:37:55.723 [scheduling-1] WARN  org.hibernate.engine.jdbc.spi.SqlExceptionHelper - SQL Error: 0, SQLState: 08006
2026-07-14 10:37:55.724 [scheduling-1] ERROR org.hibernate.engine.jdbc.spi.SqlExceptionHelper - HikariPool-1 - Connection is not available, request timed out after 30325ms (total=4, active=0, idle=4, waiting=0)
2026-07-14 10:37:55.724 [scheduling-1] WARN  org.hibernate.engine.jdbc.spi.SqlExceptionHelper - SQL Error: 17002, SQLState: 08006
2026-07-14 10:37:55.724 [scheduling-1] ERROR org.hibernate.engine.jdbc.spi.SqlExceptionHelper - Erreur d'E/S: Invalid Operation, NOT Connected
2026-07-14 10:37:55.755 [scheduling-1] ERROR o.s.s.support.TaskUtils$LoggingErrorHandler - Unexpected error occurred in scheduled task
org.springframework.transaction.CannotCreateTransactionException: Could not open JPA EntityManager for transaction
	at org.springframework.orm.jpa.JpaTransactionManager.doBegin(JpaTransactionManager.java:466)
	at org.springframework.transaction.support.AbstractPlatformTransactionManager.startTransaction(AbstractPlatformTransactionManager.java:532)
	at org.springframework.transaction.support.AbstractPlatformTransactionManager.getTransaction(AbstractPlatformTransactionManager.java:405)
	at org.springframework.transaction.interceptor.TransactionAspectSupport.createTransactionIfNecessary(TransactionAspectSupport.java:604)
	at org.springframework.transaction.interceptor.TransactionAspectSupport.invokeWithinTransaction(TransactionAspectSupport.java:373)
	at org.springframework.transaction.interceptor.TransactionInterceptor.invoke(TransactionInterceptor.java:119)
	at org.springframework.aop.framework.ReflectiveMethodInvocation.proceed(ReflectiveMethodInvocation.java:184)
	at org.springframework.aop.framework.CglibAopProxy$CglibMethodInvocation.proceed(CglibAopProxy.java:768)
	at org.springframework.aop.framework.CglibAopProxy$DynamicAdvisedInterceptor.intercept(CglibAopProxy.java:720)
	at com.banque.msoc.kafka.OcOutboxPublisher$$SpringCGLIB$$0.publishPendingEvents(<generated>)
	at jdk.internal.reflect.GeneratedMethodAccessor37.invoke(Unknown Source)
	at java.base/jdk.internal.reflect.DelegatingMethodAccessorImpl.invoke(DelegatingMethodAccessorImpl.java:43)
	at java.base/java.lang.reflect.Method.invoke(Method.java:569)
	at org.springframework.scheduling.support.ScheduledMethodRunnable.runInternal(ScheduledMethodRunnable.java:130)
	at org.springframework.scheduling.support.ScheduledMethodRunnable.lambda$run$2(ScheduledMethodRunnable.java:124)
	at io.micrometer.observation.Observation.observe(Observation.java:499)
	at org.springframework.scheduling.support.ScheduledMethodRunnable.run(ScheduledMethodRunnable.java:124)
	at org.springframework.scheduling.support.DelegatingErrorHandlingRunnable.run(DelegatingErrorHandlingRunnable.java:54)
	at java.base/java.util.concurrent.Executors$RunnableAdapter.call(Executors.java:539)
	at java.base/java.util.concurrent.FutureTask.runAndReset(FutureTask.java:305)
	at java.base/java.util.concurrent.ScheduledThreadPoolExecutor$ScheduledFutureTask.run(ScheduledThreadPoolExecutor.java:305)
	at java.base/java.util.concurrent.ThreadPoolExecutor.runWorker(ThreadPoolExecutor.java:1136)
	at java.base/java.util.concurrent.ThreadPoolExecutor$Worker.run(ThreadPoolExecutor.java:635)
	at java.base/java.lang.Thread.run(Thread.java:840)
Caused by: org.hibernate.exception.JDBCConnectionException: Unable to acquire JDBC Connection [HikariPool-1 - Connection is not available, request timed out after 30325ms (total=4, active=0, idle=4, waiting=0)] [n/a]
	at org.hibernate.exception.internal.SQLExceptionTypeDelegate.convert(SQLExceptionTypeDelegate.java:51)
	at org.hibernate.exception.internal.StandardSQLExceptionConverter.convert(StandardSQLExceptionConverter.java:58)
	at org.hibernate.engine.jdbc.spi.SqlExceptionHelper.convert(SqlExceptionHelper.java:108)
	at org.hibernate.engine.jdbc.spi.SqlExceptionHelper.convert(SqlExceptionHelper.java:94)
	at org.hibernate.resource.jdbc.internal.LogicalConnectionManagedImpl.acquireConnectionIfNeeded(LogicalConnectionManagedImpl.java:129)
	at org.hibernate.resource.jdbc.internal.LogicalConnectionManagedImpl.getPhysicalConnection(LogicalConnectionManagedImpl.java:156)
	at org.hibernate.resource.jdbc.internal.LogicalConnectionManagedImpl.getConnectionForTransactionManagement(LogicalConnectionManagedImpl.java:286)
	at org.hibernate.resource.jdbc.internal.LogicalConnectionManagedImpl.begin(LogicalConnectionManagedImpl.java:294)
	at org.hibernate.resource.transaction.backend.jdbc.internal.JdbcResourceLocalTransactionCoordinatorImpl$TransactionDriverControlImpl.begin(JdbcResourceLocalTransactionCoordinatorImpl.java:232)
	at org.hibernate.engine.transaction.internal.TransactionImpl.begin(TransactionImpl.java:83)
	at org.springframework.orm.jpa.vendor.HibernateJpaDialect.beginTransaction(HibernateJpaDialect.java:176)
	at org.springframework.orm.jpa.JpaTransactionManager.doBegin(JpaTransactionManager.java:420)
	... 23 common frames omitted
Caused by: java.sql.SQLTransientConnectionException: HikariPool-1 - Connection is not available, request timed out after 30325ms (total=4, active=0, idle=4, waiting=0)
	at com.zaxxer.hikari.pool.HikariPool.createTimeoutException(HikariPool.java:686)
	at com.zaxxer.hikari.pool.HikariPool.getConnection(HikariPool.java:179)
	at com.zaxxer.hikari.pool.HikariPool.getConnection(HikariPool.java:144)
	at com.zaxxer.hikari.HikariDataSource.getConnection(HikariDataSource.java:127)
	at org.hibernate.engine.jdbc.connections.internal.DatasourceConnectionProviderImpl.getConnection(DatasourceConnectionProviderImpl.java:122)
	at org.hibernate.internal.NonContextualJdbcConnectionAccess.obtainConnection(NonContextualJdbcConnectionAccess.java:46)
	at org.hibernate.resource.jdbc.internal.LogicalConnectionManagedImpl.acquireConnectionIfNeeded(LogicalConnectionManagedImpl.java:126)
	... 30 common frames omitted
Caused by: java.sql.SQLRecoverableException: Erreur d'E/S: Invalid Operation, NOT Connected
	at oracle.jdbc.driver.T4CConnection.doSetNetworkTimeout(T4CConnection.java:10151)
	at oracle.jdbc.driver.PhysicalConnection.setNetworkTimeout(PhysicalConnection.java:10245)
	at com.zaxxer.hikari.pool.PoolBase.setNetworkTimeout(PoolBase.java:562)
	at com.zaxxer.hikari.pool.PoolBase.isConnectionDead(PoolBase.java:169)
	at com.zaxxer.hikari.pool.HikariPool.getConnection(HikariPool.java:168)
	... 35 common frames omitted
Caused by: oracle.net.ns.NetException: Invalid Operation, NOT Connected
	at oracle.net.nt.TcpNTAdapter.setOption(TcpNTAdapter.java:757)
	at oracle.net.ns.NSProtocol.setOption(NSProtocol.java:719)
	at oracle.net.ns.NSProtocol.setSocketReadTimeout(NSProtocol.java:1071)
	at oracle.jdbc.driver.T4CConnection.doSetNetworkTimeout(T4CConnection.java:10148)
	... 39 common frames omitted
2026-07-14 10:38:05.841 [scheduling-1] WARN  com.zaxxer.hikari.pool.PoolBase - HikariPool-1 - Failed to validate connection oracle.jdbc.driver.T4CConnection@5cc94550 (Erreur d'E/S: Invalid Operation, NOT Connected). Possibly consider using a shorter maxLifetime value.
2026-07-14 10:38:10.849 [scheduling-1] WARN  com.zaxxer.hikari.pool.PoolBase - HikariPool-1 - Failed to validate connection oracle.jdbc.driver.T4CConnection@3a56600d (Erreur d'E/S: Invalid Operation, NOT Connected). Possibly consider using a shorter maxLifetime value.
2026-07-14 10:38:15.852 [scheduling-1] WARN  com.zaxxer.hikari.pool.PoolBase - HikariPool-1 - Failed to validate connection oracle.jdbc.driver.T4CConnection@426b2015 (Connexion interrompue). Possibly consider using a shorter maxLifetime value.
2026-07-14 10:38:20.860 [scheduling-1] WARN  com.zaxxer.hikari.pool.PoolBase - HikariPool-1 - Failed to validate connection oracle.jdbc.driver.T4CConnection@15a02171 (Erreur d'E/S: Invalid Operation, NOT Connected). Possibly consider using a shorter maxLifetime value.
2026-07-14 10:38:30.847 [scheduling-1] WARN  org.hibernate.engine.jdbc.spi.SqlExceptionHelper - SQL Error: 0, SQLState: 08006
2026-07-14 10:38:30.847 [scheduling-1] ERROR org.hibernate.engine.jdbc.spi.SqlExceptionHelper - HikariPool-1 - Connection is not available, request timed out after 30016ms (total=0, active=0, idle=0, waiting=0)
2026-07-14 10:38:30.847 [scheduling-1] WARN  org.hibernate.engine.jdbc.spi.SqlExceptionHelper - SQL Error: 17002, SQLState: 08006
2026-07-14 10:38:30.847 [scheduling-1] ERROR org.hibernate.engine.jdbc.spi.SqlExceptionHelper - Erreur d'E/S: The Network Adapter could not establish the connection (CONNECTION_ID=8bNtNqAhRQCMArRGmQbzbA==)
2026-07-14 10:38:30.847 [scheduling-1] ERROR o.s.s.support.TaskUtils$LoggingErrorHandler - Unexpected error occurred in scheduled task
org.springframework.transaction.CannotCreateTransactionException: Could not open JPA EntityManager for transaction
	at org.springframework.orm.jpa.JpaTransactionManager.doBegin(JpaTransactionManager.java:466)
	at org.springframework.transaction.support.AbstractPlatformTransactionManager.startTransaction(AbstractPlatformTransactionManager.java:532)
	at org.springframework.transaction.support.AbstractPlatformTransactionManager.getTransaction(AbstractPlatformTransactionManager.java:405)
	at org.springframework.transaction.interceptor.TransactionAspectSupport.createTransactionIfNecessary(TransactionAspectSupport.java:604)
	at org.springframework.transaction.interceptor.TransactionAspectSupport.invokeWithinTransaction(TransactionAspectSupport.java:373)
	at org.springframework.transaction.interceptor.TransactionInterceptor.invoke(TransactionInterceptor.java:119)
	at org.springframework.aop.framework.ReflectiveMethodInvocation.proceed(ReflectiveMethodInvocation.java:184)
	at org.springframework.aop.framework.CglibAopProxy$CglibMethodInvocation.proceed(CglibAopProxy.java:768)
	at org.springframework.aop.framework.CglibAopProxy$DynamicAdvisedInterceptor.intercept(CglibAopProxy.java:720)
	at com.banque.msoc.kafka.OcOutboxPublisher$$SpringCGLIB$$0.publishPendingEvents(<generated>)
	at jdk.internal.reflect.GeneratedMethodAccessor37.invoke(Unknown Source)
	at java.base/jdk.internal.reflect.DelegatingMethodAccessorImpl.invoke(DelegatingMethodAccessorImpl.java:43)
	at java.base/java.lang.reflect.Method.invoke(Method.java:569)
	at org.springframework.scheduling.support.ScheduledMethodRunnable.runInternal(ScheduledMethodRunnable.java:130)
	at org.springframework.scheduling.support.ScheduledMethodRunnable.lambda$run$2(ScheduledMethodRunnable.java:124)
	at io.micrometer.observation.Observation.observe(Observation.java:499)
	at org.springframework.scheduling.support.ScheduledMethodRunnable.run(ScheduledMethodRunnable.java:124)
	at org.springframework.scheduling.support.DelegatingErrorHandlingRunnable.run(DelegatingErrorHandlingRunnable.java:54)
	at java.base/java.util.concurrent.Executors$RunnableAdapter.call(Executors.java:539)
	at java.base/java.util.concurrent.FutureTask.runAndReset(FutureTask.java:305)
	at java.base/java.util.concurrent.ScheduledThreadPoolExecutor$ScheduledFutureTask.run(ScheduledThreadPoolExecutor.java:305)
	at java.base/java.util.concurrent.ThreadPoolExecutor.runWorker(ThreadPoolExecutor.java:1136)
	at java.base/java.util.concurrent.ThreadPoolExecutor$Worker.run(ThreadPoolExecutor.java:635)
	at java.base/java.lang.Thread.run(Thread.java:840)
Caused by: org.hibernate.exception.JDBCConnectionException: Unable to acquire JDBC Connection [HikariPool-1 - Connection is not available, request timed out after 30016ms (total=0, active=0, idle=0, waiting=0)] [n/a]
	at org.hibernate.exception.internal.SQLExceptionTypeDelegate.convert(SQLExceptionTypeDelegate.java:51)
	at org.hibernate.exception.internal.StandardSQLExceptionConverter.convert(StandardSQLExceptionConverter.java:58)
	at org.hibernate.engine.jdbc.spi.SqlExceptionHelper.convert(SqlExceptionHelper.java:108)
	at org.hibernate.engine.jdbc.spi.SqlExceptionHelper.convert(SqlExceptionHelper.java:94)
	at org.hibernate.resource.jdbc.internal.LogicalConnectionManagedImpl.acquireConnectionIfNeeded(LogicalConnectionManagedImpl.java:129)
	at org.hibernate.resource.jdbc.internal.LogicalConnectionManagedImpl.getPhysicalConnection(LogicalConnectionManagedImpl.java:156)
	at org.hibernate.resource.jdbc.internal.LogicalConnectionManagedImpl.getConnectionForTransactionManagement(LogicalConnectionManagedImpl.java:286)
	at org.hibernate.resource.jdbc.internal.LogicalConnectionManagedImpl.begin(LogicalConnectionManagedImpl.java:294)
	at org.hibernate.resource.transaction.backend.jdbc.internal.JdbcResourceLocalTransactionCoordinatorImpl$TransactionDriverControlImpl.begin(JdbcResourceLocalTransactionCoordinatorImpl.java:232)
	at org.hibernate.engine.transaction.internal.TransactionImpl.begin(TransactionImpl.java:83)
	at org.springframework.orm.jpa.vendor.HibernateJpaDialect.beginTransaction(HibernateJpaDialect.java:176)
	at org.springframework.orm.jpa.JpaTransactionManager.doBegin(JpaTransactionManager.java:420)
	... 23 common frames omitted
Caused by: java.sql.SQLTransientConnectionException: HikariPool-1 - Connection is not available, request timed out after 30016ms (total=0, active=0, idle=0, waiting=0)
	at com.zaxxer.hikari.pool.HikariPool.createTimeoutException(HikariPool.java:686)
	at com.zaxxer.hikari.pool.HikariPool.getConnection(HikariPool.java:179)
	at com.zaxxer.hikari.pool.HikariPool.getConnection(HikariPool.java:144)
	at com.zaxxer.hikari.HikariDataSource.getConnection(HikariDataSource.java:127)
	at org.hibernate.engine.jdbc.connections.internal.DatasourceConnectionProviderImpl.getConnection(DatasourceConnectionProviderImpl.java:122)
	at org.hibernate.internal.NonContextualJdbcConnectionAccess.obtainConnection(NonContextualJdbcConnectionAccess.java:46)
	at org.hibernate.resource.jdbc.internal.LogicalConnectionManagedImpl.acquireConnectionIfNeeded(LogicalConnectionManagedImpl.java:126)
	... 30 common frames omitted
Caused by: java.sql.SQLRecoverableException: Erreur d'E/S: The Network Adapter could not establish the connection (CONNECTION_ID=8bNtNqAhRQCMArRGmQbzbA==)
	at oracle.jdbc.driver.T4CConnection.handleLogonNetException(T4CConnection.java:902)
	at oracle.jdbc.driver.T4CConnection.logon(T4CConnection.java:707)
	at oracle.jdbc.driver.PhysicalConnection.connect(PhysicalConnection.java:1094)
	at oracle.jdbc.driver.T4CDriverExtension.getConnection(T4CDriverExtension.java:89)
	at oracle.jdbc.driver.OracleDriver.connect(OracleDriver.java:732)
	at oracle.jdbc.driver.OracleDriver.connect(OracleDriver.java:648)
	at com.zaxxer.hikari.util.DriverDataSource.getConnection(DriverDataSource.java:137)
	at com.zaxxer.hikari.pool.PoolBase.newConnection(PoolBase.java:360)
	at com.zaxxer.hikari.pool.PoolBase.newPoolEntry(PoolBase.java:202)
	at com.zaxxer.hikari.pool.HikariPool.createPoolEntry(HikariPool.java:461)
	at com.zaxxer.hikari.pool.HikariPool$PoolEntryCreator.call(HikariPool.java:724)
	at com.zaxxer.hikari.pool.HikariPool$PoolEntryCreator.call(HikariPool.java:703)
	at java.base/java.util.concurrent.FutureTask.run(FutureTask.java:264)
	... 3 common frames omitted
Caused by: oracle.net.ns.NetException: The Network Adapter could not establish the connection (CONNECTION_ID=8bNtNqAhRQCMArRGmQbzbA==)
	at oracle.net.nt.ConnStrategy.execute(ConnStrategy.java:715)
	at oracle.net.resolver.AddrResolution.resolveAndExecute(AddrResolution.java:584)
	at oracle.net.ns.NSProtocol.establishConnection(NSProtocol.java:964)
	at oracle.net.ns.NSProtocol.connect(NSProtocol.java:350)
	at oracle.jdbc.driver.T4CConnection.connect(T4CConnection.java:2627)
	at oracle.jdbc.driver.T4CConnection.logon(T4CConnection.java:666)
	... 14 common frames omitted
Caused by: java.io.IOException: No route to host: connect, socket connect lapse 1 ms. 37.187.250.163 1521  30000 (1/1) true
	at oracle.net.nt.TcpNTAdapter.establishSocket(TcpNTAdapter.java:425)
	at oracle.net.nt.TcpNTAdapter.doLocalDNSLookupConnect(TcpNTAdapter.java:307)
	at oracle.net.nt.TcpNTAdapter.connect(TcpNTAdapter.java:269)
	at oracle.net.nt.ConnOption.connect(ConnOption.java:230)
	at oracle.net.nt.ConnStrategy.executeConnOption(ConnStrategy.java:1014)
	at oracle.net.nt.ConnStrategy.execute(ConnStrategy.java:673)
	... 19 common frames omitted
Caused by: java.net.NoRouteToHostException: No route to host: connect
	at java.base/sun.nio.ch.Net.connect0(Native Method)
	at java.base/sun.nio.ch.Net.connect(Net.java:591)
	at java.base/sun.nio.ch.Net.connect(Net.java:598)
	at java.base/sun.nio.ch.SocketChannelImpl.connect(SocketChannelImpl.java:853)
	at java.base/java.nio.channels.SocketChannel.open(SocketChannel.java:285)
	at oracle.net.nt.TimeoutSocketChannel.connect(TimeoutSocketChannel.java:183)
	at oracle.net.nt.TimeoutSocketChannel.<init>(TimeoutSocketChannel.java:157)
	at oracle.net.nt.TcpNTAdapter.establishSocket(TcpNTAdapter.java:384)
	... 24 common frames omitted
2026-07-14 12:00:31.381 [scheduling-1] WARN  com.zaxxer.hikari.pool.PoolBase - HikariPool-1 - Failed to validate connection oracle.jdbc.driver.T4CConnection@45c45c5f (Erreur d'E/S: Invalid Operation, NOT Connected). Possibly consider using a shorter maxLifetime value.
2026-07-14 12:00:36.453 [scheduling-1] WARN  com.zaxxer.hikari.pool.PoolBase - HikariPool-1 - Failed to validate connection oracle.jdbc.driver.T4CConnection@1567abe9 (Erreur d'E/S: Invalid Operation, NOT Connected). Possibly consider using a shorter maxLifetime value.
2026-07-14 12:00:41.496 [scheduling-1] WARN  com.zaxxer.hikari.pool.PoolBase - HikariPool-1 - Failed to validate connection oracle.jdbc.driver.T4CConnection@4d54928a (Erreur d'E/S: Invalid Operation, NOT Connected). Possibly consider using a shorter maxLifetime value.
2026-07-14 12:00:46.502 [scheduling-1] WARN  com.zaxxer.hikari.pool.PoolBase - HikariPool-1 - Failed to validate connection oracle.jdbc.driver.T4CConnection@d492c87 (Erreur d'E/S: Invalid Operation, NOT Connected). Possibly consider using a shorter maxLifetime value.
2026-07-14 12:00:51.519 [scheduling-1] WARN  com.zaxxer.hikari.pool.PoolBase - HikariPool-1 - Failed to validate connection oracle.jdbc.driver.T4CConnection@391bc756 (Connexion interrompue). Possibly consider using a shorter maxLifetime value.
2026-07-14 12:00:56.525 [scheduling-1] WARN  com.zaxxer.hikari.pool.PoolBase - HikariPool-1 - Failed to validate connection oracle.jdbc.driver.T4CConnection@417756a7 (Erreur d'E/S: Invalid Operation, NOT Connected). Possibly consider using a shorter maxLifetime value.
2026-07-14 12:00:56.532 [scheduling-1] WARN  org.hibernate.engine.jdbc.spi.SqlExceptionHelper - SQL Error: 0, SQLState: 08006
2026-07-14 12:00:56.533 [scheduling-1] ERROR org.hibernate.engine.jdbc.spi.SqlExceptionHelper - HikariPool-1 - Connection is not available, request timed out after 30201ms (total=4, active=0, idle=4, waiting=0)
2026-07-14 12:00:56.545 [scheduling-1] WARN  org.hibernate.engine.jdbc.spi.SqlExceptionHelper - SQL Error: 17002, SQLState: 08006
2026-07-14 12:00:56.547 [scheduling-1] ERROR org.hibernate.engine.jdbc.spi.SqlExceptionHelper - Erreur d'E/S: Invalid Operation, NOT Connected
2026-07-14 12:00:56.547 [scheduling-1] ERROR o.s.s.support.TaskUtils$LoggingErrorHandler - Unexpected error occurred in scheduled task
org.springframework.transaction.CannotCreateTransactionException: Could not open JPA EntityManager for transaction
	at org.springframework.orm.jpa.JpaTransactionManager.doBegin(JpaTransactionManager.java:466)
	at org.springframework.transaction.support.AbstractPlatformTransactionManager.startTransaction(AbstractPlatformTransactionManager.java:532)
	at org.springframework.transaction.support.AbstractPlatformTransactionManager.getTransaction(AbstractPlatformTransactionManager.java:405)
	at org.springframework.transaction.interceptor.TransactionAspectSupport.createTransactionIfNecessary(TransactionAspectSupport.java:604)
	at org.springframework.transaction.interceptor.TransactionAspectSupport.invokeWithinTransaction(TransactionAspectSupport.java:373)
	at org.springframework.transaction.interceptor.TransactionInterceptor.invoke(TransactionInterceptor.java:119)
	at org.springframework.aop.framework.ReflectiveMethodInvocation.proceed(ReflectiveMethodInvocation.java:184)
	at org.springframework.aop.framework.CglibAopProxy$CglibMethodInvocation.proceed(CglibAopProxy.java:768)
	at org.springframework.aop.framework.CglibAopProxy$DynamicAdvisedInterceptor.intercept(CglibAopProxy.java:720)
	at com.banque.msoc.kafka.OcOutboxPublisher$$SpringCGLIB$$0.publishPendingEvents(<generated>)
	at jdk.internal.reflect.GeneratedMethodAccessor37.invoke(Unknown Source)
	at java.base/jdk.internal.reflect.DelegatingMethodAccessorImpl.invoke(DelegatingMethodAccessorImpl.java:43)
	at java.base/java.lang.reflect.Method.invoke(Method.java:569)
	at org.springframework.scheduling.support.ScheduledMethodRunnable.runInternal(ScheduledMethodRunnable.java:130)
	at org.springframework.scheduling.support.ScheduledMethodRunnable.lambda$run$2(ScheduledMethodRunnable.java:124)
	at io.micrometer.observation.Observation.observe(Observation.java:499)
	at org.springframework.scheduling.support.ScheduledMethodRunnable.run(ScheduledMethodRunnable.java:124)
	at org.springframework.scheduling.support.DelegatingErrorHandlingRunnable.run(DelegatingErrorHandlingRunnable.java:54)
	at java.base/java.util.concurrent.Executors$RunnableAdapter.call(Executors.java:539)
	at java.base/java.util.concurrent.FutureTask.runAndReset(FutureTask.java:305)
	at java.base/java.util.concurrent.ScheduledThreadPoolExecutor$ScheduledFutureTask.run(ScheduledThreadPoolExecutor.java:305)
	at java.base/java.util.concurrent.ThreadPoolExecutor.runWorker(ThreadPoolExecutor.java:1136)
	at java.base/java.util.concurrent.ThreadPoolExecutor$Worker.run(ThreadPoolExecutor.java:635)
	at java.base/java.lang.Thread.run(Thread.java:840)
Caused by: org.hibernate.exception.JDBCConnectionException: Unable to acquire JDBC Connection [HikariPool-1 - Connection is not available, request timed out after 30201ms (total=4, active=0, idle=4, waiting=0)] [n/a]
	at org.hibernate.exception.internal.SQLExceptionTypeDelegate.convert(SQLExceptionTypeDelegate.java:51)
	at org.hibernate.exception.internal.StandardSQLExceptionConverter.convert(StandardSQLExceptionConverter.java:58)
	at org.hibernate.engine.jdbc.spi.SqlExceptionHelper.convert(SqlExceptionHelper.java:108)
	at org.hibernate.engine.jdbc.spi.SqlExceptionHelper.convert(SqlExceptionHelper.java:94)
	at org.hibernate.resource.jdbc.internal.LogicalConnectionManagedImpl.acquireConnectionIfNeeded(LogicalConnectionManagedImpl.java:129)
	at org.hibernate.resource.jdbc.internal.LogicalConnectionManagedImpl.getPhysicalConnection(LogicalConnectionManagedImpl.java:156)
	at org.hibernate.resource.jdbc.internal.LogicalConnectionManagedImpl.getConnectionForTransactionManagement(LogicalConnectionManagedImpl.java:286)
	at org.hibernate.resource.jdbc.internal.LogicalConnectionManagedImpl.begin(LogicalConnectionManagedImpl.java:294)
	at org.hibernate.resource.transaction.backend.jdbc.internal.JdbcResourceLocalTransactionCoordinatorImpl$TransactionDriverControlImpl.begin(JdbcResourceLocalTransactionCoordinatorImpl.java:232)
	at org.hibernate.engine.transaction.internal.TransactionImpl.begin(TransactionImpl.java:83)
	at org.springframework.orm.jpa.vendor.HibernateJpaDialect.beginTransaction(HibernateJpaDialect.java:176)
	at org.springframework.orm.jpa.JpaTransactionManager.doBegin(JpaTransactionManager.java:420)
	... 23 common frames omitted
Caused by: java.sql.SQLTransientConnectionException: HikariPool-1 - Connection is not available, request timed out after 30201ms (total=4, active=0, idle=4, waiting=0)
	at com.zaxxer.hikari.pool.HikariPool.createTimeoutException(HikariPool.java:686)
	at com.zaxxer.hikari.pool.HikariPool.getConnection(HikariPool.java:179)
	at com.zaxxer.hikari.pool.HikariPool.getConnection(HikariPool.java:144)
	at com.zaxxer.hikari.HikariDataSource.getConnection(HikariDataSource.java:127)
	at org.hibernate.engine.jdbc.connections.internal.DatasourceConnectionProviderImpl.getConnection(DatasourceConnectionProviderImpl.java:122)
	at org.hibernate.internal.NonContextualJdbcConnectionAccess.obtainConnection(NonContextualJdbcConnectionAccess.java:46)
	at org.hibernate.resource.jdbc.internal.LogicalConnectionManagedImpl.acquireConnectionIfNeeded(LogicalConnectionManagedImpl.java:126)
	... 30 common frames omitted
Caused by: java.sql.SQLRecoverableException: Erreur d'E/S: Invalid Operation, NOT Connected
	at oracle.jdbc.driver.T4CConnection.doSetNetworkTimeout(T4CConnection.java:10151)
	at oracle.jdbc.driver.PhysicalConnection.setNetworkTimeout(PhysicalConnection.java:10245)
	at com.zaxxer.hikari.pool.PoolBase.setNetworkTimeout(PoolBase.java:562)
	at com.zaxxer.hikari.pool.PoolBase.isConnectionDead(PoolBase.java:169)
	at com.zaxxer.hikari.pool.HikariPool.getConnection(HikariPool.java:168)
	... 35 common frames omitted
Caused by: oracle.net.ns.NetException: Invalid Operation, NOT Connected
	at oracle.net.nt.TcpNTAdapter.setOption(TcpNTAdapter.java:757)
	at oracle.net.ns.NSProtocol.setOption(NSProtocol.java:719)
	at oracle.net.ns.NSProtocol.setSocketReadTimeout(NSProtocol.java:1071)
	at oracle.jdbc.driver.T4CConnection.doSetNetworkTimeout(T4CConnection.java:10148)
	... 39 common frames omitted
2026-07-14 12:01:06.574 [scheduling-1] WARN  com.zaxxer.hikari.pool.PoolBase - HikariPool-1 - Failed to validate connection oracle.jdbc.driver.T4CConnection@4b1d8a59 (Erreur d'E/S: Invalid Operation, NOT Connected). Possibly consider using a shorter maxLifetime value.
2026-07-14 12:01:11.590 [scheduling-1] WARN  com.zaxxer.hikari.pool.PoolBase - HikariPool-1 - Failed to validate connection oracle.jdbc.driver.T4CConnection@3586749e (Erreur d'E/S: Invalid Operation, NOT Connected). Possibly consider using a shorter maxLifetime value.
2026-07-14 12:01:16.601 [scheduling-1] WARN  com.zaxxer.hikari.pool.PoolBase - HikariPool-1 - Failed to validate connection oracle.jdbc.driver.T4CConnection@563e4233 (Erreur d'E/S: Invalid Operation, NOT Connected). Possibly consider using a shorter maxLifetime value.
2026-07-14 12:01:21.608 [scheduling-1] WARN  com.zaxxer.hikari.pool.PoolBase - HikariPool-1 - Failed to validate connection oracle.jdbc.driver.T4CConnection@2d54ee3 (Erreur d'E/S: Invalid Operation, NOT Connected). Possibly consider using a shorter maxLifetime value.
2026-07-14 12:01:31.568 [scheduling-1] WARN  org.hibernate.engine.jdbc.spi.SqlExceptionHelper - SQL Error: 0, SQLState: 08006
2026-07-14 12:01:31.568 [scheduling-1] ERROR org.hibernate.engine.jdbc.spi.SqlExceptionHelper - HikariPool-1 - Connection is not available, request timed out after 30001ms (total=0, active=0, idle=0, waiting=0)
2026-07-14 12:01:31.568 [scheduling-1] WARN  org.hibernate.engine.jdbc.spi.SqlExceptionHelper - SQL Error: 17002, SQLState: 08006
2026-07-14 12:01:31.569 [scheduling-1] ERROR org.hibernate.engine.jdbc.spi.SqlExceptionHelper - Erreur d'E/S: The Network Adapter could not establish the connection (CONNECTION_ID=/9eXJrZAShaBy7KxIztPTQ==)
2026-07-14 12:01:31.569 [scheduling-1] ERROR o.s.s.support.TaskUtils$LoggingErrorHandler - Unexpected error occurred in scheduled task
org.springframework.transaction.CannotCreateTransactionException: Could not open JPA EntityManager for transaction
	at org.springframework.orm.jpa.JpaTransactionManager.doBegin(JpaTransactionManager.java:466)
	at org.springframework.transaction.support.AbstractPlatformTransactionManager.startTransaction(AbstractPlatformTransactionManager.java:532)
	at org.springframework.transaction.support.AbstractPlatformTransactionManager.getTransaction(AbstractPlatformTransactionManager.java:405)
	at org.springframework.transaction.interceptor.TransactionAspectSupport.createTransactionIfNecessary(TransactionAspectSupport.java:604)
	at org.springframework.transaction.interceptor.TransactionAspectSupport.invokeWithinTransaction(TransactionAspectSupport.java:373)
	at org.springframework.transaction.interceptor.TransactionInterceptor.invoke(TransactionInterceptor.java:119)
	at org.springframework.aop.framework.ReflectiveMethodInvocation.proceed(ReflectiveMethodInvocation.java:184)
	at org.springframework.aop.framework.CglibAopProxy$CglibMethodInvocation.proceed(CglibAopProxy.java:768)
	at org.springframework.aop.framework.CglibAopProxy$DynamicAdvisedInterceptor.intercept(CglibAopProxy.java:720)
	at com.banque.msoc.kafka.OcOutboxPublisher$$SpringCGLIB$$0.publishPendingEvents(<generated>)
	at jdk.internal.reflect.GeneratedMethodAccessor37.invoke(Unknown Source)
	at java.base/jdk.internal.reflect.DelegatingMethodAccessorImpl.invoke(DelegatingMethodAccessorImpl.java:43)
	at java.base/java.lang.reflect.Method.invoke(Method.java:569)
	at org.springframework.scheduling.support.ScheduledMethodRunnable.runInternal(ScheduledMethodRunnable.java:130)
	at org.springframework.scheduling.support.ScheduledMethodRunnable.lambda$run$2(ScheduledMethodRunnable.java:124)
	at io.micrometer.observation.Observation.observe(Observation.java:499)
	at org.springframework.scheduling.support.ScheduledMethodRunnable.run(ScheduledMethodRunnable.java:124)
	at org.springframework.scheduling.support.DelegatingErrorHandlingRunnable.run(DelegatingErrorHandlingRunnable.java:54)
	at java.base/java.util.concurrent.Executors$RunnableAdapter.call(Executors.java:539)
	at java.base/java.util.concurrent.FutureTask.runAndReset(FutureTask.java:305)
	at java.base/java.util.concurrent.ScheduledThreadPoolExecutor$ScheduledFutureTask.run(ScheduledThreadPoolExecutor.java:305)
	at java.base/java.util.concurrent.ThreadPoolExecutor.runWorker(ThreadPoolExecutor.java:1136)
	at java.base/java.util.concurrent.ThreadPoolExecutor$Worker.run(ThreadPoolExecutor.java:635)
	at java.base/java.lang.Thread.run(Thread.java:840)
Caused by: org.hibernate.exception.JDBCConnectionException: Unable to acquire JDBC Connection [HikariPool-1 - Connection is not available, request timed out after 30001ms (total=0, active=0, idle=0, waiting=0)] [n/a]
	at org.hibernate.exception.internal.SQLExceptionTypeDelegate.convert(SQLExceptionTypeDelegate.java:51)
	at org.hibernate.exception.internal.StandardSQLExceptionConverter.convert(StandardSQLExceptionConverter.java:58)
	at org.hibernate.engine.jdbc.spi.SqlExceptionHelper.convert(SqlExceptionHelper.java:108)
	at org.hibernate.engine.jdbc.spi.SqlExceptionHelper.convert(SqlExceptionHelper.java:94)
	at org.hibernate.resource.jdbc.internal.LogicalConnectionManagedImpl.acquireConnectionIfNeeded(LogicalConnectionManagedImpl.java:129)
	at org.hibernate.resource.jdbc.internal.LogicalConnectionManagedImpl.getPhysicalConnection(LogicalConnectionManagedImpl.java:156)
	at org.hibernate.resource.jdbc.internal.LogicalConnectionManagedImpl.getConnectionForTransactionManagement(LogicalConnectionManagedImpl.java:286)
	at org.hibernate.resource.jdbc.internal.LogicalConnectionManagedImpl.begin(LogicalConnectionManagedImpl.java:294)
	at org.hibernate.resource.transaction.backend.jdbc.internal.JdbcResourceLocalTransactionCoordinatorImpl$TransactionDriverControlImpl.begin(JdbcResourceLocalTransactionCoordinatorImpl.java:232)
	at org.hibernate.engine.transaction.internal.TransactionImpl.begin(TransactionImpl.java:83)
	at org.springframework.orm.jpa.vendor.HibernateJpaDialect.beginTransaction(HibernateJpaDialect.java:176)
	at org.springframework.orm.jpa.JpaTransactionManager.doBegin(JpaTransactionManager.java:420)
	... 23 common frames omitted
Caused by: java.sql.SQLTransientConnectionException: HikariPool-1 - Connection is not available, request timed out after 30001ms (total=0, active=0, idle=0, waiting=0)
	at com.zaxxer.hikari.pool.HikariPool.createTimeoutException(HikariPool.java:686)
	at com.zaxxer.hikari.pool.HikariPool.getConnection(HikariPool.java:179)
	at com.zaxxer.hikari.pool.HikariPool.getConnection(HikariPool.java:144)
	at com.zaxxer.hikari.HikariDataSource.getConnection(HikariDataSource.java:127)
	at org.hibernate.engine.jdbc.connections.internal.DatasourceConnectionProviderImpl.getConnection(DatasourceConnectionProviderImpl.java:122)
	at org.hibernate.internal.NonContextualJdbcConnectionAccess.obtainConnection(NonContextualJdbcConnectionAccess.java:46)
	at org.hibernate.resource.jdbc.internal.LogicalConnectionManagedImpl.acquireConnectionIfNeeded(LogicalConnectionManagedImpl.java:126)
	... 30 common frames omitted
Caused by: java.sql.SQLRecoverableException: Erreur d'E/S: The Network Adapter could not establish the connection (CONNECTION_ID=/9eXJrZAShaBy7KxIztPTQ==)
	at oracle.jdbc.driver.T4CConnection.handleLogonNetException(T4CConnection.java:902)
	at oracle.jdbc.driver.T4CConnection.logon(T4CConnection.java:707)
	at oracle.jdbc.driver.PhysicalConnection.connect(PhysicalConnection.java:1094)
	at oracle.jdbc.driver.T4CDriverExtension.getConnection(T4CDriverExtension.java:89)
	at oracle.jdbc.driver.OracleDriver.connect(OracleDriver.java:732)
	at oracle.jdbc.driver.OracleDriver.connect(OracleDriver.java:648)
	at com.zaxxer.hikari.util.DriverDataSource.getConnection(DriverDataSource.java:137)
	at com.zaxxer.hikari.pool.PoolBase.newConnection(PoolBase.java:360)
	at com.zaxxer.hikari.pool.PoolBase.newPoolEntry(PoolBase.java:202)
	at com.zaxxer.hikari.pool.HikariPool.createPoolEntry(HikariPool.java:461)
	at com.zaxxer.hikari.pool.HikariPool$PoolEntryCreator.call(HikariPool.java:724)
	at com.zaxxer.hikari.pool.HikariPool$PoolEntryCreator.call(HikariPool.java:703)
	at java.base/java.util.concurrent.FutureTask.run(FutureTask.java:264)
	... 3 common frames omitted
Caused by: oracle.net.ns.NetException: The Network Adapter could not establish the connection (CONNECTION_ID=/9eXJrZAShaBy7KxIztPTQ==)
	at oracle.net.nt.ConnStrategy.execute(ConnStrategy.java:715)
	at oracle.net.resolver.AddrResolution.resolveAndExecute(AddrResolution.java:584)
	at oracle.net.ns.NSProtocol.establishConnection(NSProtocol.java:964)
	at oracle.net.ns.NSProtocol.connect(NSProtocol.java:350)
	at oracle.jdbc.driver.T4CConnection.connect(T4CConnection.java:2627)
	at oracle.jdbc.driver.T4CConnection.logon(T4CConnection.java:666)
	... 14 common frames omitted
Caused by: java.io.IOException: No route to host: connect, socket connect lapse 0 ms. 37.187.250.163 1521  30000 (1/1) true
	at oracle.net.nt.TcpNTAdapter.establishSocket(TcpNTAdapter.java:425)
	at oracle.net.nt.TcpNTAdapter.doLocalDNSLookupConnect(TcpNTAdapter.java:307)
	at oracle.net.nt.TcpNTAdapter.connect(TcpNTAdapter.java:269)
	at oracle.net.nt.ConnOption.connect(ConnOption.java:230)
	at oracle.net.nt.ConnStrategy.executeConnOption(ConnStrategy.java:1014)
	at oracle.net.nt.ConnStrategy.execute(ConnStrategy.java:673)
	... 19 common frames omitted
Caused by: java.net.NoRouteToHostException: No route to host: connect
	at java.base/sun.nio.ch.Net.connect0(Native Method)
	at java.base/sun.nio.ch.Net.connect(Net.java:591)
	at java.base/sun.nio.ch.Net.connect(Net.java:598)
	at java.base/sun.nio.ch.SocketChannelImpl.connect(SocketChannelImpl.java:853)
	at java.base/java.nio.channels.SocketChannel.open(SocketChannel.java:285)
	at oracle.net.nt.TimeoutSocketChannel.connect(TimeoutSocketChannel.java:183)
	at oracle.net.nt.TimeoutSocketChannel.<init>(TimeoutSocketChannel.java:157)
	at oracle.net.nt.TcpNTAdapter.establishSocket(TcpNTAdapter.java:384)
	... 24 common frames omitted
2026-07-14 12:02:06.588 [scheduling-1] WARN  org.hibernate.engine.jdbc.spi.SqlExceptionHelper - SQL Error: 0, SQLState: 08006
2026-07-14 12:02:06.588 [scheduling-1] ERROR org.hibernate.engine.jdbc.spi.SqlExceptionHelper - HikariPool-1 - Connection is not available, request timed out after 30004ms (total=0, active=0, idle=0, waiting=0)
2026-07-14 12:02:06.588 [scheduling-1] WARN  org.hibernate.engine.jdbc.spi.SqlExceptionHelper - SQL Error: 17002, SQLState: 08006
2026-07-14 12:02:06.589 [scheduling-1] ERROR org.hibernate.engine.jdbc.spi.SqlExceptionHelper - Erreur d'E/S: The Network Adapter could not establish the connection (CONNECTION_ID=IqpRFvWuTLWMPzJqIoFNtQ==)
2026-07-14 12:02:06.589 [scheduling-1] ERROR o.s.s.support.TaskUtils$LoggingErrorHandler - Unexpected error occurred in scheduled task
org.springframework.transaction.CannotCreateTransactionException: Could not open JPA EntityManager for transaction
	at org.springframework.orm.jpa.JpaTransactionManager.doBegin(JpaTransactionManager.java:466)
	at org.springframework.transaction.support.AbstractPlatformTransactionManager.startTransaction(AbstractPlatformTransactionManager.java:532)
	at org.springframework.transaction.support.AbstractPlatformTransactionManager.getTransaction(AbstractPlatformTransactionManager.java:405)
	at org.springframework.transaction.interceptor.TransactionAspectSupport.createTransactionIfNecessary(TransactionAspectSupport.java:604)
	at org.springframework.transaction.interceptor.TransactionAspectSupport.invokeWithinTransaction(TransactionAspectSupport.java:373)
	at org.springframework.transaction.interceptor.TransactionInterceptor.invoke(TransactionInterceptor.java:119)
	at org.springframework.aop.framework.ReflectiveMethodInvocation.proceed(ReflectiveMethodInvocation.java:184)
	at org.springframework.aop.framework.CglibAopProxy$CglibMethodInvocation.proceed(CglibAopProxy.java:768)
	at org.springframework.aop.framework.CglibAopProxy$DynamicAdvisedInterceptor.intercept(CglibAopProxy.java:720)
	at com.banque.msoc.kafka.OcOutboxPublisher$$SpringCGLIB$$0.publishPendingEvents(<generated>)
	at jdk.internal.reflect.GeneratedMethodAccessor37.invoke(Unknown Source)
	at java.base/jdk.internal.reflect.DelegatingMethodAccessorImpl.invoke(DelegatingMethodAccessorImpl.java:43)
	at java.base/java.lang.reflect.Method.invoke(Method.java:569)
	at org.springframework.scheduling.support.ScheduledMethodRunnable.runInternal(ScheduledMethodRunnable.java:130)
	at org.springframework.scheduling.support.ScheduledMethodRunnable.lambda$run$2(ScheduledMethodRunnable.java:124)
	at io.micrometer.observation.Observation.observe(Observation.java:499)
	at org.springframework.scheduling.support.ScheduledMethodRunnable.run(ScheduledMethodRunnable.java:124)
	at org.springframework.scheduling.support.DelegatingErrorHandlingRunnable.run(DelegatingErrorHandlingRunnable.java:54)
	at java.base/java.util.concurrent.Executors$RunnableAdapter.call(Executors.java:539)
	at java.base/java.util.concurrent.FutureTask.runAndReset(FutureTask.java:305)
	at java.base/java.util.concurrent.ScheduledThreadPoolExecutor$ScheduledFutureTask.run(ScheduledThreadPoolExecutor.java:305)
	at java.base/java.util.concurrent.ThreadPoolExecutor.runWorker(ThreadPoolExecutor.java:1136)
	at java.base/java.util.concurrent.ThreadPoolExecutor$Worker.run(ThreadPoolExecutor.java:635)
	at java.base/java.lang.Thread.run(Thread.java:840)
Caused by: org.hibernate.exception.JDBCConnectionException: Unable to acquire JDBC Connection [HikariPool-1 - Connection is not available, request timed out after 30004ms (total=0, active=0, idle=0, waiting=0)] [n/a]
	at org.hibernate.exception.internal.SQLExceptionTypeDelegate.convert(SQLExceptionTypeDelegate.java:51)
	at org.hibernate.exception.internal.StandardSQLExceptionConverter.convert(StandardSQLExceptionConverter.java:58)
	at org.hibernate.engine.jdbc.spi.SqlExceptionHelper.convert(SqlExceptionHelper.java:108)
	at org.hibernate.engine.jdbc.spi.SqlExceptionHelper.convert(SqlExceptionHelper.java:94)
	at org.hibernate.resource.jdbc.internal.LogicalConnectionManagedImpl.acquireConnectionIfNeeded(LogicalConnectionManagedImpl.java:129)
	at org.hibernate.resource.jdbc.internal.LogicalConnectionManagedImpl.getPhysicalConnection(LogicalConnectionManagedImpl.java:156)
	at org.hibernate.resource.jdbc.internal.LogicalConnectionManagedImpl.getConnectionForTransactionManagement(LogicalConnectionManagedImpl.java:286)
	at org.hibernate.resource.jdbc.internal.LogicalConnectionManagedImpl.begin(LogicalConnectionManagedImpl.java:294)
	at org.hibernate.resource.transaction.backend.jdbc.internal.JdbcResourceLocalTransactionCoordinatorImpl$TransactionDriverControlImpl.begin(JdbcResourceLocalTransactionCoordinatorImpl.java:232)
	at org.hibernate.engine.transaction.internal.TransactionImpl.begin(TransactionImpl.java:83)
	at org.springframework.orm.jpa.vendor.HibernateJpaDialect.beginTransaction(HibernateJpaDialect.java:176)
	at org.springframework.orm.jpa.JpaTransactionManager.doBegin(JpaTransactionManager.java:420)
	... 23 common frames omitted
Caused by: java.sql.SQLTransientConnectionException: HikariPool-1 - Connection is not available, request timed out after 30004ms (total=0, active=0, idle=0, waiting=0)
	at com.zaxxer.hikari.pool.HikariPool.createTimeoutException(HikariPool.java:686)
	at com.zaxxer.hikari.pool.HikariPool.getConnection(HikariPool.java:179)
	at com.zaxxer.hikari.pool.HikariPool.getConnection(HikariPool.java:144)
	at com.zaxxer.hikari.HikariDataSource.getConnection(HikariDataSource.java:127)
	at org.hibernate.engine.jdbc.connections.internal.DatasourceConnectionProviderImpl.getConnection(DatasourceConnectionProviderImpl.java:122)
	at org.hibernate.internal.NonContextualJdbcConnectionAccess.obtainConnection(NonContextualJdbcConnectionAccess.java:46)
	at org.hibernate.resource.jdbc.internal.LogicalConnectionManagedImpl.acquireConnectionIfNeeded(LogicalConnectionManagedImpl.java:126)
	... 30 common frames omitted
Caused by: java.sql.SQLRecoverableException: Erreur d'E/S: The Network Adapter could not establish the connection (CONNECTION_ID=IqpRFvWuTLWMPzJqIoFNtQ==)
	at oracle.jdbc.driver.T4CConnection.handleLogonNetException(T4CConnection.java:902)
	at oracle.jdbc.driver.T4CConnection.logon(T4CConnection.java:707)
	at oracle.jdbc.driver.PhysicalConnection.connect(PhysicalConnection.java:1094)
	at oracle.jdbc.driver.T4CDriverExtension.getConnection(T4CDriverExtension.java:89)
	at oracle.jdbc.driver.OracleDriver.connect(OracleDriver.java:732)
	at oracle.jdbc.driver.OracleDriver.connect(OracleDriver.java:648)
	at com.zaxxer.hikari.util.DriverDataSource.getConnection(DriverDataSource.java:137)
	at com.zaxxer.hikari.pool.PoolBase.newConnection(PoolBase.java:360)
	at com.zaxxer.hikari.pool.PoolBase.newPoolEntry(PoolBase.java:202)
	at com.zaxxer.hikari.pool.HikariPool.createPoolEntry(HikariPool.java:461)
	at com.zaxxer.hikari.pool.HikariPool$PoolEntryCreator.call(HikariPool.java:724)
	at com.zaxxer.hikari.pool.HikariPool$PoolEntryCreator.call(HikariPool.java:703)
	at java.base/java.util.concurrent.FutureTask.run(FutureTask.java:264)
	... 3 common frames omitted
Caused by: oracle.net.ns.NetException: The Network Adapter could not establish the connection (CONNECTION_ID=IqpRFvWuTLWMPzJqIoFNtQ==)
	at oracle.net.nt.ConnStrategy.execute(ConnStrategy.java:715)
	at oracle.net.resolver.AddrResolution.resolveAndExecute(AddrResolution.java:584)
	at oracle.net.ns.NSProtocol.establishConnection(NSProtocol.java:964)
	at oracle.net.ns.NSProtocol.connect(NSProtocol.java:350)
	at oracle.jdbc.driver.T4CConnection.connect(T4CConnection.java:2627)
	at oracle.jdbc.driver.T4CConnection.logon(T4CConnection.java:666)
	... 14 common frames omitted
Caused by: java.io.IOException: No route to host: connect, socket connect lapse 0 ms. 37.187.250.163 1521  30000 (1/1) true
	at oracle.net.nt.TcpNTAdapter.establishSocket(TcpNTAdapter.java:425)
	at oracle.net.nt.TcpNTAdapter.doLocalDNSLookupConnect(TcpNTAdapter.java:307)
	at oracle.net.nt.TcpNTAdapter.connect(TcpNTAdapter.java:269)
	at oracle.net.nt.ConnOption.connect(ConnOption.java:230)
	at oracle.net.nt.ConnStrategy.executeConnOption(ConnStrategy.java:1014)
	at oracle.net.nt.ConnStrategy.execute(ConnStrategy.java:673)
	... 19 common frames omitted
Caused by: java.net.NoRouteToHostException: No route to host: connect
	at java.base/sun.nio.ch.Net.connect0(Native Method)
	at java.base/sun.nio.ch.Net.connect(Net.java:591)
	at java.base/sun.nio.ch.Net.connect(Net.java:598)
	at java.base/sun.nio.ch.SocketChannelImpl.connect(SocketChannelImpl.java:853)
	at java.base/java.nio.channels.SocketChannel.open(SocketChannel.java:285)
	at oracle.net.nt.TimeoutSocketChannel.connect(TimeoutSocketChannel.java:183)
	at oracle.net.nt.TimeoutSocketChannel.<init>(TimeoutSocketChannel.java:157)
	at oracle.net.nt.TcpNTAdapter.establishSocket(TcpNTAdapter.java:384)
	... 24 common frames omitted
2026-07-14 13:08:57.010 [scheduling-1] WARN  com.zaxxer.hikari.pool.PoolBase - HikariPool-1 - Failed to validate connection oracle.jdbc.driver.T4CConnection@5affb677 (Erreur d'E/S: Invalid Operation, NOT Connected). Possibly consider using a shorter maxLifetime value.
2026-07-14 13:09:02.054 [scheduling-1] WARN  com.zaxxer.hikari.pool.PoolBase - HikariPool-1 - Failed to validate connection oracle.jdbc.driver.T4CConnection@7c9b909e (Connexion interrompue). Possibly consider using a shorter maxLifetime value.
2026-07-14 13:09:07.058 [scheduling-1] WARN  com.zaxxer.hikari.pool.PoolBase - HikariPool-1 - Failed to validate connection oracle.jdbc.driver.T4CConnection@5374fa9f (Erreur d'E/S: Invalid Operation, NOT Connected). Possibly consider using a shorter maxLifetime value.
2026-07-14 13:09:12.073 [scheduling-1] WARN  com.zaxxer.hikari.pool.PoolBase - HikariPool-1 - Failed to validate connection oracle.jdbc.driver.T4CConnection@4c13129b (Connexion interrompue). Possibly consider using a shorter maxLifetime value.
2026-07-14 13:09:17.082 [scheduling-1] WARN  com.zaxxer.hikari.pool.PoolBase - HikariPool-1 - Failed to validate connection oracle.jdbc.driver.T4CConnection@65814da7 (Connexion interrompue). Possibly consider using a shorter maxLifetime value.
2026-07-14 13:09:22.102 [scheduling-1] WARN  com.zaxxer.hikari.pool.PoolBase - HikariPool-1 - Failed to validate connection oracle.jdbc.driver.T4CConnection@3ef64a92 (Connexion interrompue). Possibly consider using a shorter maxLifetime value.
2026-07-14 13:09:22.102 [scheduling-1] WARN  org.hibernate.engine.jdbc.spi.SqlExceptionHelper - SQL Error: 0, SQLState: 08003
2026-07-14 13:09:22.102 [scheduling-1] ERROR org.hibernate.engine.jdbc.spi.SqlExceptionHelper - HikariPool-1 - Connection is not available, request timed out after 30109ms (total=4, active=0, idle=4, waiting=0)
2026-07-14 13:09:22.102 [scheduling-1] WARN  org.hibernate.engine.jdbc.spi.SqlExceptionHelper - SQL Error: 17008, SQLState: 08003
2026-07-14 13:09:22.102 [scheduling-1] ERROR org.hibernate.engine.jdbc.spi.SqlExceptionHelper - Connexion interrompue
2026-07-14 13:09:22.102 [scheduling-1] ERROR o.s.s.support.TaskUtils$LoggingErrorHandler - Unexpected error occurred in scheduled task
org.springframework.transaction.CannotCreateTransactionException: Could not open JPA EntityManager for transaction
	at org.springframework.orm.jpa.JpaTransactionManager.doBegin(JpaTransactionManager.java:466)
	at org.springframework.transaction.support.AbstractPlatformTransactionManager.startTransaction(AbstractPlatformTransactionManager.java:532)
	at org.springframework.transaction.support.AbstractPlatformTransactionManager.getTransaction(AbstractPlatformTransactionManager.java:405)
	at org.springframework.transaction.interceptor.TransactionAspectSupport.createTransactionIfNecessary(TransactionAspectSupport.java:604)
	at org.springframework.transaction.interceptor.TransactionAspectSupport.invokeWithinTransaction(TransactionAspectSupport.java:373)
	at org.springframework.transaction.interceptor.TransactionInterceptor.invoke(TransactionInterceptor.java:119)
	at org.springframework.aop.framework.ReflectiveMethodInvocation.proceed(ReflectiveMethodInvocation.java:184)
	at org.springframework.aop.framework.CglibAopProxy$CglibMethodInvocation.proceed(CglibAopProxy.java:768)
	at org.springframework.aop.framework.CglibAopProxy$DynamicAdvisedInterceptor.intercept(CglibAopProxy.java:720)
	at com.banque.msoc.kafka.OcOutboxPublisher$$SpringCGLIB$$0.publishPendingEvents(<generated>)
	at jdk.internal.reflect.GeneratedMethodAccessor37.invoke(Unknown Source)
	at java.base/jdk.internal.reflect.DelegatingMethodAccessorImpl.invoke(DelegatingMethodAccessorImpl.java:43)
	at java.base/java.lang.reflect.Method.invoke(Method.java:569)
	at org.springframework.scheduling.support.ScheduledMethodRunnable.runInternal(ScheduledMethodRunnable.java:130)
	at org.springframework.scheduling.support.ScheduledMethodRunnable.lambda$run$2(ScheduledMethodRunnable.java:124)
	at io.micrometer.observation.Observation.observe(Observation.java:499)
	at org.springframework.scheduling.support.ScheduledMethodRunnable.run(ScheduledMethodRunnable.java:124)
	at org.springframework.scheduling.support.DelegatingErrorHandlingRunnable.run(DelegatingErrorHandlingRunnable.java:54)
	at java.base/java.util.concurrent.Executors$RunnableAdapter.call(Executors.java:539)
	at java.base/java.util.concurrent.FutureTask.runAndReset(FutureTask.java:305)
	at java.base/java.util.concurrent.ScheduledThreadPoolExecutor$ScheduledFutureTask.run(ScheduledThreadPoolExecutor.java:305)
	at java.base/java.util.concurrent.ThreadPoolExecutor.runWorker(ThreadPoolExecutor.java:1136)
	at java.base/java.util.concurrent.ThreadPoolExecutor$Worker.run(ThreadPoolExecutor.java:635)
	at java.base/java.lang.Thread.run(Thread.java:840)
Caused by: org.hibernate.exception.JDBCConnectionException: Unable to acquire JDBC Connection [HikariPool-1 - Connection is not available, request timed out after 30109ms (total=4, active=0, idle=4, waiting=0)] [n/a]
	at org.hibernate.exception.internal.SQLExceptionTypeDelegate.convert(SQLExceptionTypeDelegate.java:51)
	at org.hibernate.exception.internal.StandardSQLExceptionConverter.convert(StandardSQLExceptionConverter.java:58)
	at org.hibernate.engine.jdbc.spi.SqlExceptionHelper.convert(SqlExceptionHelper.java:108)
	at org.hibernate.engine.jdbc.spi.SqlExceptionHelper.convert(SqlExceptionHelper.java:94)
	at org.hibernate.resource.jdbc.internal.LogicalConnectionManagedImpl.acquireConnectionIfNeeded(LogicalConnectionManagedImpl.java:129)
	at org.hibernate.resource.jdbc.internal.LogicalConnectionManagedImpl.getPhysicalConnection(LogicalConnectionManagedImpl.java:156)
	at org.hibernate.resource.jdbc.internal.LogicalConnectionManagedImpl.getConnectionForTransactionManagement(LogicalConnectionManagedImpl.java:286)
	at org.hibernate.resource.jdbc.internal.LogicalConnectionManagedImpl.begin(LogicalConnectionManagedImpl.java:294)
	at org.hibernate.resource.transaction.backend.jdbc.internal.JdbcResourceLocalTransactionCoordinatorImpl$TransactionDriverControlImpl.begin(JdbcResourceLocalTransactionCoordinatorImpl.java:232)
	at org.hibernate.engine.transaction.internal.TransactionImpl.begin(TransactionImpl.java:83)
	at org.springframework.orm.jpa.vendor.HibernateJpaDialect.beginTransaction(HibernateJpaDialect.java:176)
	at org.springframework.orm.jpa.JpaTransactionManager.doBegin(JpaTransactionManager.java:420)
	... 23 common frames omitted
Caused by: java.sql.SQLTransientConnectionException: HikariPool-1 - Connection is not available, request timed out after 30109ms (total=4, active=0, idle=4, waiting=0)
	at com.zaxxer.hikari.pool.HikariPool.createTimeoutException(HikariPool.java:686)
	at com.zaxxer.hikari.pool.HikariPool.getConnection(HikariPool.java:179)
	at com.zaxxer.hikari.pool.HikariPool.getConnection(HikariPool.java:144)
	at com.zaxxer.hikari.HikariDataSource.getConnection(HikariDataSource.java:127)
	at org.hibernate.engine.jdbc.connections.internal.DatasourceConnectionProviderImpl.getConnection(DatasourceConnectionProviderImpl.java:122)
	at org.hibernate.internal.NonContextualJdbcConnectionAccess.obtainConnection(NonContextualJdbcConnectionAccess.java:46)
	at org.hibernate.resource.jdbc.internal.LogicalConnectionManagedImpl.acquireConnectionIfNeeded(LogicalConnectionManagedImpl.java:126)
	... 30 common frames omitted
Caused by: java.sql.SQLRecoverableException: Connexion interrompue
	at oracle.jdbc.driver.T4CConnection.doSetNetworkTimeout(T4CConnection.java:10144)
	at oracle.jdbc.driver.PhysicalConnection.setNetworkTimeout(PhysicalConnection.java:10245)
	at com.zaxxer.hikari.pool.PoolBase.setNetworkTimeout(PoolBase.java:562)
	at com.zaxxer.hikari.pool.PoolBase.isConnectionDead(PoolBase.java:169)
	at com.zaxxer.hikari.pool.HikariPool.getConnection(HikariPool.java:168)
	... 35 common frames omitted
2026-07-14 13:09:32.130 [scheduling-1] WARN  com.zaxxer.hikari.pool.PoolBase - HikariPool-1 - Failed to validate connection oracle.jdbc.driver.T4CConnection@2687f6b0 (Erreur d'E/S: Invalid Operation, NOT Connected). Possibly consider using a shorter maxLifetime value.
2026-07-14 13:09:37.149 [scheduling-1] WARN  com.zaxxer.hikari.pool.PoolBase - HikariPool-1 - Failed to validate connection oracle.jdbc.driver.T4CConnection@5982823b (Connexion interrompue). Possibly consider using a shorter maxLifetime value.
2026-07-14 13:09:42.154 [scheduling-1] WARN  com.zaxxer.hikari.pool.PoolBase - HikariPool-1 - Failed to validate connection oracle.jdbc.driver.T4CConnection@643305da (Connexion interrompue). Possibly consider using a shorter maxLifetime value.
2026-07-14 13:09:47.175 [scheduling-1] WARN  com.zaxxer.hikari.pool.PoolBase - HikariPool-1 - Failed to validate connection oracle.jdbc.driver.T4CConnection@437f725f (Erreur d'E/S: Invalid Operation, NOT Connected). Possibly consider using a shorter maxLifetime value.
2026-07-14 13:09:57.117 [scheduling-1] WARN  org.hibernate.engine.jdbc.spi.SqlExceptionHelper - SQL Error: 0, SQLState: 08006
2026-07-14 13:09:57.117 [scheduling-1] ERROR org.hibernate.engine.jdbc.spi.SqlExceptionHelper - HikariPool-1 - Connection is not available, request timed out after 30002ms (total=0, active=0, idle=0, waiting=0)
2026-07-14 13:09:57.117 [scheduling-1] WARN  org.hibernate.engine.jdbc.spi.SqlExceptionHelper - SQL Error: 17002, SQLState: 08006
2026-07-14 13:09:57.117 [scheduling-1] ERROR org.hibernate.engine.jdbc.spi.SqlExceptionHelper - Erreur d'E/S: The Network Adapter could not establish the connection (CONNECTION_ID=SLFXDnB/TNK+2+9pvs58Pw==)
2026-07-14 13:09:57.117 [scheduling-1] ERROR o.s.s.support.TaskUtils$LoggingErrorHandler - Unexpected error occurred in scheduled task
org.springframework.transaction.CannotCreateTransactionException: Could not open JPA EntityManager for transaction
	at org.springframework.orm.jpa.JpaTransactionManager.doBegin(JpaTransactionManager.java:466)
	at org.springframework.transaction.support.AbstractPlatformTransactionManager.startTransaction(AbstractPlatformTransactionManager.java:532)
	at org.springframework.transaction.support.AbstractPlatformTransactionManager.getTransaction(AbstractPlatformTransactionManager.java:405)
	at org.springframework.transaction.interceptor.TransactionAspectSupport.createTransactionIfNecessary(TransactionAspectSupport.java:604)
	at org.springframework.transaction.interceptor.TransactionAspectSupport.invokeWithinTransaction(TransactionAspectSupport.java:373)
	at org.springframework.transaction.interceptor.TransactionInterceptor.invoke(TransactionInterceptor.java:119)
	at org.springframework.aop.framework.ReflectiveMethodInvocation.proceed(ReflectiveMethodInvocation.java:184)
	at org.springframework.aop.framework.CglibAopProxy$CglibMethodInvocation.proceed(CglibAopProxy.java:768)
	at org.springframework.aop.framework.CglibAopProxy$DynamicAdvisedInterceptor.intercept(CglibAopProxy.java:720)
	at com.banque.msoc.kafka.OcOutboxPublisher$$SpringCGLIB$$0.publishPendingEvents(<generated>)
	at jdk.internal.reflect.GeneratedMethodAccessor37.invoke(Unknown Source)
	at java.base/jdk.internal.reflect.DelegatingMethodAccessorImpl.invoke(DelegatingMethodAccessorImpl.java:43)
	at java.base/java.lang.reflect.Method.invoke(Method.java:569)
	at org.springframework.scheduling.support.ScheduledMethodRunnable.runInternal(ScheduledMethodRunnable.java:130)
	at org.springframework.scheduling.support.ScheduledMethodRunnable.lambda$run$2(ScheduledMethodRunnable.java:124)
	at io.micrometer.observation.Observation.observe(Observation.java:499)
	at org.springframework.scheduling.support.ScheduledMethodRunnable.run(ScheduledMethodRunnable.java:124)
	at org.springframework.scheduling.support.DelegatingErrorHandlingRunnable.run(DelegatingErrorHandlingRunnable.java:54)
	at java.base/java.util.concurrent.Executors$RunnableAdapter.call(Executors.java:539)
	at java.base/java.util.concurrent.FutureTask.runAndReset(FutureTask.java:305)
	at java.base/java.util.concurrent.ScheduledThreadPoolExecutor$ScheduledFutureTask.run(ScheduledThreadPoolExecutor.java:305)
	at java.base/java.util.concurrent.ThreadPoolExecutor.runWorker(ThreadPoolExecutor.java:1136)
	at java.base/java.util.concurrent.ThreadPoolExecutor$Worker.run(ThreadPoolExecutor.java:635)
	at java.base/java.lang.Thread.run(Thread.java:840)
Caused by: org.hibernate.exception.JDBCConnectionException: Unable to acquire JDBC Connection [HikariPool-1 - Connection is not available, request timed out after 30002ms (total=0, active=0, idle=0, waiting=0)] [n/a]
	at org.hibernate.exception.internal.SQLExceptionTypeDelegate.convert(SQLExceptionTypeDelegate.java:51)
	at org.hibernate.exception.internal.StandardSQLExceptionConverter.convert(StandardSQLExceptionConverter.java:58)
	at org.hibernate.engine.jdbc.spi.SqlExceptionHelper.convert(SqlExceptionHelper.java:108)
	at org.hibernate.engine.jdbc.spi.SqlExceptionHelper.convert(SqlExceptionHelper.java:94)
	at org.hibernate.resource.jdbc.internal.LogicalConnectionManagedImpl.acquireConnectionIfNeeded(LogicalConnectionManagedImpl.java:129)
	at org.hibernate.resource.jdbc.internal.LogicalConnectionManagedImpl.getPhysicalConnection(LogicalConnectionManagedImpl.java:156)
	at org.hibernate.resource.jdbc.internal.LogicalConnectionManagedImpl.getConnectionForTransactionManagement(LogicalConnectionManagedImpl.java:286)
	at org.hibernate.resource.jdbc.internal.LogicalConnectionManagedImpl.begin(LogicalConnectionManagedImpl.java:294)
	at org.hibernate.resource.transaction.backend.jdbc.internal.JdbcResourceLocalTransactionCoordinatorImpl$TransactionDriverControlImpl.begin(JdbcResourceLocalTransactionCoordinatorImpl.java:232)
	at org.hibernate.engine.transaction.internal.TransactionImpl.begin(TransactionImpl.java:83)
	at org.springframework.orm.jpa.vendor.HibernateJpaDialect.beginTransaction(HibernateJpaDialect.java:176)
	at org.springframework.orm.jpa.JpaTransactionManager.doBegin(JpaTransactionManager.java:420)
	... 23 common frames omitted
Caused by: java.sql.SQLTransientConnectionException: HikariPool-1 - Connection is not available, request timed out after 30002ms (total=0, active=0, idle=0, waiting=0)
	at com.zaxxer.hikari.pool.HikariPool.createTimeoutException(HikariPool.java:686)
	at com.zaxxer.hikari.pool.HikariPool.getConnection(HikariPool.java:179)
	at com.zaxxer.hikari.pool.HikariPool.getConnection(HikariPool.java:144)
	at com.zaxxer.hikari.HikariDataSource.getConnection(HikariDataSource.java:127)
	at org.hibernate.engine.jdbc.connections.internal.DatasourceConnectionProviderImpl.getConnection(DatasourceConnectionProviderImpl.java:122)
	at org.hibernate.internal.NonContextualJdbcConnectionAccess.obtainConnection(NonContextualJdbcConnectionAccess.java:46)
	at org.hibernate.resource.jdbc.internal.LogicalConnectionManagedImpl.acquireConnectionIfNeeded(LogicalConnectionManagedImpl.java:126)
	... 30 common frames omitted
Caused by: java.sql.SQLRecoverableException: Erreur d'E/S: The Network Adapter could not establish the connection (CONNECTION_ID=SLFXDnB/TNK+2+9pvs58Pw==)
	at oracle.jdbc.driver.T4CConnection.handleLogonNetException(T4CConnection.java:902)
	at oracle.jdbc.driver.T4CConnection.logon(T4CConnection.java:707)
	at oracle.jdbc.driver.PhysicalConnection.connect(PhysicalConnection.java:1094)
	at oracle.jdbc.driver.T4CDriverExtension.getConnection(T4CDriverExtension.java:89)
	at oracle.jdbc.driver.OracleDriver.connect(OracleDriver.java:732)
	at oracle.jdbc.driver.OracleDriver.connect(OracleDriver.java:648)
	at com.zaxxer.hikari.util.DriverDataSource.getConnection(DriverDataSource.java:137)
	at com.zaxxer.hikari.pool.PoolBase.newConnection(PoolBase.java:360)
	at com.zaxxer.hikari.pool.PoolBase.newPoolEntry(PoolBase.java:202)
	at com.zaxxer.hikari.pool.HikariPool.createPoolEntry(HikariPool.java:461)
	at com.zaxxer.hikari.pool.HikariPool$PoolEntryCreator.call(HikariPool.java:724)
	at com.zaxxer.hikari.pool.HikariPool$PoolEntryCreator.call(HikariPool.java:703)
	at java.base/java.util.concurrent.FutureTask.run(FutureTask.java:264)
	... 3 common frames omitted
Caused by: oracle.net.ns.NetException: The Network Adapter could not establish the connection (CONNECTION_ID=SLFXDnB/TNK+2+9pvs58Pw==)
	at oracle.net.nt.ConnStrategy.execute(ConnStrategy.java:715)
	at oracle.net.resolver.AddrResolution.resolveAndExecute(AddrResolution.java:584)
	at oracle.net.ns.NSProtocol.establishConnection(NSProtocol.java:964)
	at oracle.net.ns.NSProtocol.connect(NSProtocol.java:350)
	at oracle.jdbc.driver.T4CConnection.connect(T4CConnection.java:2627)
	at oracle.jdbc.driver.T4CConnection.logon(T4CConnection.java:666)
	... 14 common frames omitted
Caused by: java.io.IOException: No route to host: connect, socket connect lapse 0 ms. 37.187.250.163 1521  30000 (1/1) true
	at oracle.net.nt.TcpNTAdapter.establishSocket(TcpNTAdapter.java:425)
	at oracle.net.nt.TcpNTAdapter.doLocalDNSLookupConnect(TcpNTAdapter.java:307)
	at oracle.net.nt.TcpNTAdapter.connect(TcpNTAdapter.java:269)
	at oracle.net.nt.ConnOption.connect(ConnOption.java:230)
	at oracle.net.nt.ConnStrategy.executeConnOption(ConnStrategy.java:1014)
	at oracle.net.nt.ConnStrategy.execute(ConnStrategy.java:673)
	... 19 common frames omitted
Caused by: java.net.NoRouteToHostException: No route to host: connect
	at java.base/sun.nio.ch.Net.connect0(Native Method)
	at java.base/sun.nio.ch.Net.connect(Net.java:591)
	at java.base/sun.nio.ch.Net.connect(Net.java:598)
	at java.base/sun.nio.ch.SocketChannelImpl.connect(SocketChannelImpl.java:853)
	at java.base/java.nio.channels.SocketChannel.open(SocketChannel.java:285)
	at oracle.net.nt.TimeoutSocketChannel.connect(TimeoutSocketChannel.java:183)
	at oracle.net.nt.TimeoutSocketChannel.<init>(TimeoutSocketChannel.java:157)
	at oracle.net.nt.TcpNTAdapter.establishSocket(TcpNTAdapter.java:384)
	... 24 common frames omitted
2026-07-14 13:10:32.150 [scheduling-1] WARN  org.hibernate.engine.jdbc.spi.SqlExceptionHelper - SQL Error: 0, SQLState: 08006
2026-07-14 13:10:32.150 [scheduling-1] ERROR org.hibernate.engine.jdbc.spi.SqlExceptionHelper - HikariPool-1 - Connection is not available, request timed out after 30015ms (total=0, active=0, idle=0, waiting=0)
2026-07-14 13:10:32.150 [scheduling-1] WARN  org.hibernate.engine.jdbc.spi.SqlExceptionHelper - SQL Error: 17002, SQLState: 08006
2026-07-14 13:10:32.150 [scheduling-1] ERROR org.hibernate.engine.jdbc.spi.SqlExceptionHelper - Erreur d'E/S: The Network Adapter could not establish the connection (CONNECTION_ID=Jl8u1iD/QuWer6qPtW4Bww==)
2026-07-14 13:10:32.150 [scheduling-1] ERROR o.s.s.support.TaskUtils$LoggingErrorHandler - Unexpected error occurred in scheduled task
org.springframework.transaction.CannotCreateTransactionException: Could not open JPA EntityManager for transaction
	at org.springframework.orm.jpa.JpaTransactionManager.doBegin(JpaTransactionManager.java:466)
	at org.springframework.transaction.support.AbstractPlatformTransactionManager.startTransaction(AbstractPlatformTransactionManager.java:532)
	at org.springframework.transaction.support.AbstractPlatformTransactionManager.getTransaction(AbstractPlatformTransactionManager.java:405)
	at org.springframework.transaction.interceptor.TransactionAspectSupport.createTransactionIfNecessary(TransactionAspectSupport.java:604)
	at org.springframework.transaction.interceptor.TransactionAspectSupport.invokeWithinTransaction(TransactionAspectSupport.java:373)
	at org.springframework.transaction.interceptor.TransactionInterceptor.invoke(TransactionInterceptor.java:119)
	at org.springframework.aop.framework.ReflectiveMethodInvocation.proceed(ReflectiveMethodInvocation.java:184)
	at org.springframework.aop.framework.CglibAopProxy$CglibMethodInvocation.proceed(CglibAopProxy.java:768)
	at org.springframework.aop.framework.CglibAopProxy$DynamicAdvisedInterceptor.intercept(CglibAopProxy.java:720)
	at com.banque.msoc.kafka.OcOutboxPublisher$$SpringCGLIB$$0.publishPendingEvents(<generated>)
	at jdk.internal.reflect.GeneratedMethodAccessor37.invoke(Unknown Source)
	at java.base/jdk.internal.reflect.DelegatingMethodAccessorImpl.invoke(DelegatingMethodAccessorImpl.java:43)
	at java.base/java.lang.reflect.Method.invoke(Method.java:569)
	at org.springframework.scheduling.support.ScheduledMethodRunnable.runInternal(ScheduledMethodRunnable.java:130)
	at org.springframework.scheduling.support.ScheduledMethodRunnable.lambda$run$2(ScheduledMethodRunnable.java:124)
	at io.micrometer.observation.Observation.observe(Observation.java:499)
	at org.springframework.scheduling.support.ScheduledMethodRunnable.run(ScheduledMethodRunnable.java:124)
	at org.springframework.scheduling.support.DelegatingErrorHandlingRunnable.run(DelegatingErrorHandlingRunnable.java:54)
	at java.base/java.util.concurrent.Executors$RunnableAdapter.call(Executors.java:539)
	at java.base/java.util.concurrent.FutureTask.runAndReset(FutureTask.java:305)
	at java.base/java.util.concurrent.ScheduledThreadPoolExecutor$ScheduledFutureTask.run(ScheduledThreadPoolExecutor.java:305)
	at java.base/java.util.concurrent.ThreadPoolExecutor.runWorker(ThreadPoolExecutor.java:1136)
	at java.base/java.util.concurrent.ThreadPoolExecutor$Worker.run(ThreadPoolExecutor.java:635)
	at java.base/java.lang.Thread.run(Thread.java:840)
Caused by: org.hibernate.exception.JDBCConnectionException: Unable to acquire JDBC Connection [HikariPool-1 - Connection is not available, request timed out after 30015ms (total=0, active=0, idle=0, waiting=0)] [n/a]
	at org.hibernate.exception.internal.SQLExceptionTypeDelegate.convert(SQLExceptionTypeDelegate.java:51)
	at org.hibernate.exception.internal.StandardSQLExceptionConverter.convert(StandardSQLExceptionConverter.java:58)
	at org.hibernate.engine.jdbc.spi.SqlExceptionHelper.convert(SqlExceptionHelper.java:108)
	at org.hibernate.engine.jdbc.spi.SqlExceptionHelper.convert(SqlExceptionHelper.java:94)
	at org.hibernate.resource.jdbc.internal.LogicalConnectionManagedImpl.acquireConnectionIfNeeded(LogicalConnectionManagedImpl.java:129)
	at org.hibernate.resource.jdbc.internal.LogicalConnectionManagedImpl.getPhysicalConnection(LogicalConnectionManagedImpl.java:156)
	at org.hibernate.resource.jdbc.internal.LogicalConnectionManagedImpl.getConnectionForTransactionManagement(LogicalConnectionManagedImpl.java:286)
	at org.hibernate.resource.jdbc.internal.LogicalConnectionManagedImpl.begin(LogicalConnectionManagedImpl.java:294)
	at org.hibernate.resource.transaction.backend.jdbc.internal.JdbcResourceLocalTransactionCoordinatorImpl$TransactionDriverControlImpl.begin(JdbcResourceLocalTransactionCoordinatorImpl.java:232)
	at org.hibernate.engine.transaction.internal.TransactionImpl.begin(TransactionImpl.java:83)
	at org.springframework.orm.jpa.vendor.HibernateJpaDialect.beginTransaction(HibernateJpaDialect.java:176)
	at org.springframework.orm.jpa.JpaTransactionManager.doBegin(JpaTransactionManager.java:420)
	... 23 common frames omitted
Caused by: java.sql.SQLTransientConnectionException: HikariPool-1 - Connection is not available, request timed out after 30015ms (total=0, active=0, idle=0, waiting=0)
	at com.zaxxer.hikari.pool.HikariPool.createTimeoutException(HikariPool.java:686)
	at com.zaxxer.hikari.pool.HikariPool.getConnection(HikariPool.java:179)
	at com.zaxxer.hikari.pool.HikariPool.getConnection(HikariPool.java:144)
	at com.zaxxer.hikari.HikariDataSource.getConnection(HikariDataSource.java:127)
	at org.hibernate.engine.jdbc.connections.internal.DatasourceConnectionProviderImpl.getConnection(DatasourceConnectionProviderImpl.java:122)
	at org.hibernate.internal.NonContextualJdbcConnectionAccess.obtainConnection(NonContextualJdbcConnectionAccess.java:46)
	at org.hibernate.resource.jdbc.internal.LogicalConnectionManagedImpl.acquireConnectionIfNeeded(LogicalConnectionManagedImpl.java:126)
	... 30 common frames omitted
Caused by: java.sql.SQLRecoverableException: Erreur d'E/S: The Network Adapter could not establish the connection (CONNECTION_ID=Jl8u1iD/QuWer6qPtW4Bww==)
	at oracle.jdbc.driver.T4CConnection.handleLogonNetException(T4CConnection.java:902)
	at oracle.jdbc.driver.T4CConnection.logon(T4CConnection.java:707)
	at oracle.jdbc.driver.PhysicalConnection.connect(PhysicalConnection.java:1094)
	at oracle.jdbc.driver.T4CDriverExtension.getConnection(T4CDriverExtension.java:89)
	at oracle.jdbc.driver.OracleDriver.connect(OracleDriver.java:732)
	at oracle.jdbc.driver.OracleDriver.connect(OracleDriver.java:648)
	at com.zaxxer.hikari.util.DriverDataSource.getConnection(DriverDataSource.java:137)
	at com.zaxxer.hikari.pool.PoolBase.newConnection(PoolBase.java:360)
	at com.zaxxer.hikari.pool.PoolBase.newPoolEntry(PoolBase.java:202)
	at com.zaxxer.hikari.pool.HikariPool.createPoolEntry(HikariPool.java:461)
	at com.zaxxer.hikari.pool.HikariPool$PoolEntryCreator.call(HikariPool.java:724)
	at com.zaxxer.hikari.pool.HikariPool$PoolEntryCreator.call(HikariPool.java:703)
	at java.base/java.util.concurrent.FutureTask.run(FutureTask.java:264)
	... 3 common frames omitted
Caused by: oracle.net.ns.NetException: The Network Adapter could not establish the connection (CONNECTION_ID=Jl8u1iD/QuWer6qPtW4Bww==)
	at oracle.net.nt.ConnStrategy.execute(ConnStrategy.java:715)
	at oracle.net.resolver.AddrResolution.resolveAndExecute(AddrResolution.java:584)
	at oracle.net.ns.NSProtocol.establishConnection(NSProtocol.java:964)
	at oracle.net.ns.NSProtocol.connect(NSProtocol.java:350)
	at oracle.jdbc.driver.T4CConnection.connect(T4CConnection.java:2627)
	at oracle.jdbc.driver.T4CConnection.logon(T4CConnection.java:666)
	... 14 common frames omitted
Caused by: java.io.IOException: No route to host: connect, socket connect lapse 2 ms. 37.187.250.163 1521  30000 (1/1) true
	at oracle.net.nt.TcpNTAdapter.establishSocket(TcpNTAdapter.java:425)
	at oracle.net.nt.TcpNTAdapter.doLocalDNSLookupConnect(TcpNTAdapter.java:307)
	at oracle.net.nt.TcpNTAdapter.connect(TcpNTAdapter.java:269)
	at oracle.net.nt.ConnOption.connect(ConnOption.java:230)
	at oracle.net.nt.ConnStrategy.executeConnOption(ConnStrategy.java:1014)
	at oracle.net.nt.ConnStrategy.execute(ConnStrategy.java:673)
	... 19 common frames omitted
Caused by: java.net.NoRouteToHostException: No route to host: connect
	at java.base/sun.nio.ch.Net.connect0(Native Method)
	at java.base/sun.nio.ch.Net.connect(Net.java:591)
	at java.base/sun.nio.ch.Net.connect(Net.java:598)
	at java.base/sun.nio.ch.SocketChannelImpl.connect(SocketChannelImpl.java:853)
	at java.base/java.nio.channels.SocketChannel.open(SocketChannel.java:285)
	at oracle.net.nt.TimeoutSocketChannel.connect(TimeoutSocketChannel.java:183)
	at oracle.net.nt.TimeoutSocketChannel.<init>(TimeoutSocketChannel.java:157)
	at oracle.net.nt.TcpNTAdapter.establishSocket(TcpNTAdapter.java:384)
	... 24 common frames omitted
2026-07-14 13:11:07.160 [scheduling-1] WARN  org.hibernate.engine.jdbc.spi.SqlExceptionHelper - SQL Error: 0, SQLState: 08006
2026-07-14 13:11:07.160 [scheduling-1] ERROR org.hibernate.engine.jdbc.spi.SqlExceptionHelper - HikariPool-1 - Connection is not available, request timed out after 30003ms (total=0, active=0, idle=0, waiting=0)
2026-07-14 13:11:07.160 [scheduling-1] WARN  org.hibernate.engine.jdbc.spi.SqlExceptionHelper - SQL Error: 17002, SQLState: 08006
2026-07-14 13:11:07.160 [scheduling-1] ERROR org.hibernate.engine.jdbc.spi.SqlExceptionHelper - Erreur d'E/S: The Network Adapter could not establish the connection (CONNECTION_ID=NcFcrRGrRx284bNQvcKxEQ==)
2026-07-14 13:11:07.160 [scheduling-1] ERROR o.s.s.support.TaskUtils$LoggingErrorHandler - Unexpected error occurred in scheduled task
org.springframework.transaction.CannotCreateTransactionException: Could not open JPA EntityManager for transaction
	at org.springframework.orm.jpa.JpaTransactionManager.doBegin(JpaTransactionManager.java:466)
	at org.springframework.transaction.support.AbstractPlatformTransactionManager.startTransaction(AbstractPlatformTransactionManager.java:532)
	at org.springframework.transaction.support.AbstractPlatformTransactionManager.getTransaction(AbstractPlatformTransactionManager.java:405)
	at org.springframework.transaction.interceptor.TransactionAspectSupport.createTransactionIfNecessary(TransactionAspectSupport.java:604)
	at org.springframework.transaction.interceptor.TransactionAspectSupport.invokeWithinTransaction(TransactionAspectSupport.java:373)
	at org.springframework.transaction.interceptor.TransactionInterceptor.invoke(TransactionInterceptor.java:119)
	at org.springframework.aop.framework.ReflectiveMethodInvocation.proceed(ReflectiveMethodInvocation.java:184)
	at org.springframework.aop.framework.CglibAopProxy$CglibMethodInvocation.proceed(CglibAopProxy.java:768)
	at org.springframework.aop.framework.CglibAopProxy$DynamicAdvisedInterceptor.intercept(CglibAopProxy.java:720)
	at com.banque.msoc.kafka.OcOutboxPublisher$$SpringCGLIB$$0.publishPendingEvents(<generated>)
	at jdk.internal.reflect.GeneratedMethodAccessor37.invoke(Unknown Source)
	at java.base/jdk.internal.reflect.DelegatingMethodAccessorImpl.invoke(DelegatingMethodAccessorImpl.java:43)
	at java.base/java.lang.reflect.Method.invoke(Method.java:569)
	at org.springframework.scheduling.support.ScheduledMethodRunnable.runInternal(ScheduledMethodRunnable.java:130)
	at org.springframework.scheduling.support.ScheduledMethodRunnable.lambda$run$2(ScheduledMethodRunnable.java:124)
	at io.micrometer.observation.Observation.observe(Observation.java:499)
	at org.springframework.scheduling.support.ScheduledMethodRunnable.run(ScheduledMethodRunnable.java:124)
	at org.springframework.scheduling.support.DelegatingErrorHandlingRunnable.run(DelegatingErrorHandlingRunnable.java:54)
	at java.base/java.util.concurrent.Executors$RunnableAdapter.call(Executors.java:539)
	at java.base/java.util.concurrent.FutureTask.runAndReset(FutureTask.java:305)
	at java.base/java.util.concurrent.ScheduledThreadPoolExecutor$ScheduledFutureTask.run(ScheduledThreadPoolExecutor.java:305)
	at java.base/java.util.concurrent.ThreadPoolExecutor.runWorker(ThreadPoolExecutor.java:1136)
	at java.base/java.util.concurrent.ThreadPoolExecutor$Worker.run(ThreadPoolExecutor.java:635)
	at java.base/java.lang.Thread.run(Thread.java:840)
Caused by: org.hibernate.exception.JDBCConnectionException: Unable to acquire JDBC Connection [HikariPool-1 - Connection is not available, request timed out after 30003ms (total=0, active=0, idle=0, waiting=0)] [n/a]
	at org.hibernate.exception.internal.SQLExceptionTypeDelegate.convert(SQLExceptionTypeDelegate.java:51)
	at org.hibernate.exception.internal.StandardSQLExceptionConverter.convert(StandardSQLExceptionConverter.java:58)
	at org.hibernate.engine.jdbc.spi.SqlExceptionHelper.convert(SqlExceptionHelper.java:108)
	at org.hibernate.engine.jdbc.spi.SqlExceptionHelper.convert(SqlExceptionHelper.java:94)
	at org.hibernate.resource.jdbc.internal.LogicalConnectionManagedImpl.acquireConnectionIfNeeded(LogicalConnectionManagedImpl.java:129)
	at org.hibernate.resource.jdbc.internal.LogicalConnectionManagedImpl.getPhysicalConnection(LogicalConnectionManagedImpl.java:156)
	at org.hibernate.resource.jdbc.internal.LogicalConnectionManagedImpl.getConnectionForTransactionManagement(LogicalConnectionManagedImpl.java:286)
	at org.hibernate.resource.jdbc.internal.LogicalConnectionManagedImpl.begin(LogicalConnectionManagedImpl.java:294)
	at org.hibernate.resource.transaction.backend.jdbc.internal.JdbcResourceLocalTransactionCoordinatorImpl$TransactionDriverControlImpl.begin(JdbcResourceLocalTransactionCoordinatorImpl.java:232)
	at org.hibernate.engine.transaction.internal.TransactionImpl.begin(TransactionImpl.java:83)
	at org.springframework.orm.jpa.vendor.HibernateJpaDialect.beginTransaction(HibernateJpaDialect.java:176)
	at org.springframework.orm.jpa.JpaTransactionManager.doBegin(JpaTransactionManager.java:420)
	... 23 common frames omitted
Caused by: java.sql.SQLTransientConnectionException: HikariPool-1 - Connection is not available, request timed out after 30003ms (total=0, active=0, idle=0, waiting=0)
	at com.zaxxer.hikari.pool.HikariPool.createTimeoutException(HikariPool.java:686)
	at com.zaxxer.hikari.pool.HikariPool.getConnection(HikariPool.java:179)
	at com.zaxxer.hikari.pool.HikariPool.getConnection(HikariPool.java:144)
	at com.zaxxer.hikari.HikariDataSource.getConnection(HikariDataSource.java:127)
	at org.hibernate.engine.jdbc.connections.internal.DatasourceConnectionProviderImpl.getConnection(DatasourceConnectionProviderImpl.java:122)
	at org.hibernate.internal.NonContextualJdbcConnectionAccess.obtainConnection(NonContextualJdbcConnectionAccess.java:46)
	at org.hibernate.resource.jdbc.internal.LogicalConnectionManagedImpl.acquireConnectionIfNeeded(LogicalConnectionManagedImpl.java:126)
	... 30 common frames omitted
Caused by: java.sql.SQLRecoverableException: Erreur d'E/S: The Network Adapter could not establish the connection (CONNECTION_ID=NcFcrRGrRx284bNQvcKxEQ==)
	at oracle.jdbc.driver.T4CConnection.handleLogonNetException(T4CConnection.java:902)
	at oracle.jdbc.driver.T4CConnection.logon(T4CConnection.java:707)
	at oracle.jdbc.driver.PhysicalConnection.connect(PhysicalConnection.java:1094)
	at oracle.jdbc.driver.T4CDriverExtension.getConnection(T4CDriverExtension.java:89)
	at oracle.jdbc.driver.OracleDriver.connect(OracleDriver.java:732)
	at oracle.jdbc.driver.OracleDriver.connect(OracleDriver.java:648)
	at com.zaxxer.hikari.util.DriverDataSource.getConnection(DriverDataSource.java:137)
	at com.zaxxer.hikari.pool.PoolBase.newConnection(PoolBase.java:360)
	at com.zaxxer.hikari.pool.PoolBase.newPoolEntry(PoolBase.java:202)
	at com.zaxxer.hikari.pool.HikariPool.createPoolEntry(HikariPool.java:461)
	at com.zaxxer.hikari.pool.HikariPool$PoolEntryCreator.call(HikariPool.java:724)
	at com.zaxxer.hikari.pool.HikariPool$PoolEntryCreator.call(HikariPool.java:703)
	at java.base/java.util.concurrent.FutureTask.run(FutureTask.java:264)
	... 3 common frames omitted
Caused by: oracle.net.ns.NetException: The Network Adapter could not establish the connection (CONNECTION_ID=NcFcrRGrRx284bNQvcKxEQ==)
	at oracle.net.nt.ConnStrategy.execute(ConnStrategy.java:715)
	at oracle.net.resolver.AddrResolution.resolveAndExecute(AddrResolution.java:584)
	at oracle.net.ns.NSProtocol.establishConnection(NSProtocol.java:964)
	at oracle.net.ns.NSProtocol.connect(NSProtocol.java:350)
	at oracle.jdbc.driver.T4CConnection.connect(T4CConnection.java:2627)
	at oracle.jdbc.driver.T4CConnection.logon(T4CConnection.java:666)
	... 14 common frames omitted
Caused by: java.io.IOException: No route to host: connect, socket connect lapse 0 ms. 37.187.250.163 1521  30000 (1/1) true
	at oracle.net.nt.TcpNTAdapter.establishSocket(TcpNTAdapter.java:425)
	at oracle.net.nt.TcpNTAdapter.doLocalDNSLookupConnect(TcpNTAdapter.java:307)
	at oracle.net.nt.TcpNTAdapter.connect(TcpNTAdapter.java:269)
	at oracle.net.nt.ConnOption.connect(ConnOption.java:230)
	at oracle.net.nt.ConnStrategy.executeConnOption(ConnStrategy.java:1014)
	at oracle.net.nt.ConnStrategy.execute(ConnStrategy.java:673)
	... 19 common frames omitted
Caused by: java.net.NoRouteToHostException: No route to host: connect
	at java.base/sun.nio.ch.Net.connect0(Native Method)
	at java.base/sun.nio.ch.Net.connect(Net.java:591)
	at java.base/sun.nio.ch.Net.connect(Net.java:598)
	at java.base/sun.nio.ch.SocketChannelImpl.connect(SocketChannelImpl.java:853)
	at java.base/java.nio.channels.SocketChannel.open(SocketChannel.java:285)
	at oracle.net.nt.TimeoutSocketChannel.connect(TimeoutSocketChannel.java:183)
	at oracle.net.nt.TimeoutSocketChannel.<init>(TimeoutSocketChannel.java:157)
	at oracle.net.nt.TcpNTAdapter.establishSocket(TcpNTAdapter.java:384)
	... 24 common frames omitted
2026-07-14 13:11:42.172 [scheduling-1] WARN  org.hibernate.engine.jdbc.spi.SqlExceptionHelper - SQL Error: 0, SQLState: 66000
2026-07-14 13:11:42.172 [scheduling-1] ERROR org.hibernate.engine.jdbc.spi.SqlExceptionHelper - HikariPool-1 - Connection is not available, request timed out after 30006ms (total=0, active=0, idle=0, waiting=0)
2026-07-14 13:11:42.172 [scheduling-1] WARN  org.hibernate.engine.jdbc.spi.SqlExceptionHelper - SQL Error: 12516, SQLState: 66000
2026-07-14 13:11:42.172 [scheduling-1] ERROR org.hibernate.engine.jdbc.spi.SqlExceptionHelper - Listener refused the connection with the following error:
ORA-12516, TNS:listener could not find available handler with matching protocol stack
  (CONNECTION_ID=UcSSqZ9kSYapYYyBsZHVOA==)
2026-07-14 13:11:42.173 [scheduling-1] ERROR o.s.s.support.TaskUtils$LoggingErrorHandler - Unexpected error occurred in scheduled task
org.springframework.transaction.CannotCreateTransactionException: Could not open JPA EntityManager for transaction
	at org.springframework.orm.jpa.JpaTransactionManager.doBegin(JpaTransactionManager.java:466)
	at org.springframework.transaction.support.AbstractPlatformTransactionManager.startTransaction(AbstractPlatformTransactionManager.java:532)
	at org.springframework.transaction.support.AbstractPlatformTransactionManager.getTransaction(AbstractPlatformTransactionManager.java:405)
	at org.springframework.transaction.interceptor.TransactionAspectSupport.createTransactionIfNecessary(TransactionAspectSupport.java:604)
	at org.springframework.transaction.interceptor.TransactionAspectSupport.invokeWithinTransaction(TransactionAspectSupport.java:373)
	at org.springframework.transaction.interceptor.TransactionInterceptor.invoke(TransactionInterceptor.java:119)
	at org.springframework.aop.framework.ReflectiveMethodInvocation.proceed(ReflectiveMethodInvocation.java:184)
	at org.springframework.aop.framework.CglibAopProxy$CglibMethodInvocation.proceed(CglibAopProxy.java:768)
	at org.springframework.aop.framework.CglibAopProxy$DynamicAdvisedInterceptor.intercept(CglibAopProxy.java:720)
	at com.banque.msoc.kafka.OcOutboxPublisher$$SpringCGLIB$$0.publishPendingEvents(<generated>)
	at jdk.internal.reflect.GeneratedMethodAccessor37.invoke(Unknown Source)
	at java.base/jdk.internal.reflect.DelegatingMethodAccessorImpl.invoke(DelegatingMethodAccessorImpl.java:43)
	at java.base/java.lang.reflect.Method.invoke(Method.java:569)
	at org.springframework.scheduling.support.ScheduledMethodRunnable.runInternal(ScheduledMethodRunnable.java:130)
	at org.springframework.scheduling.support.ScheduledMethodRunnable.lambda$run$2(ScheduledMethodRunnable.java:124)
	at io.micrometer.observation.Observation.observe(Observation.java:499)
	at org.springframework.scheduling.support.ScheduledMethodRunnable.run(ScheduledMethodRunnable.java:124)
	at org.springframework.scheduling.support.DelegatingErrorHandlingRunnable.run(DelegatingErrorHandlingRunnable.java:54)
	at java.base/java.util.concurrent.Executors$RunnableAdapter.call(Executors.java:539)
	at java.base/java.util.concurrent.FutureTask.runAndReset(FutureTask.java:305)
	at java.base/java.util.concurrent.ScheduledThreadPoolExecutor$ScheduledFutureTask.run(ScheduledThreadPoolExecutor.java:305)
	at java.base/java.util.concurrent.ThreadPoolExecutor.runWorker(ThreadPoolExecutor.java:1136)
	at java.base/java.util.concurrent.ThreadPoolExecutor$Worker.run(ThreadPoolExecutor.java:635)
	at java.base/java.lang.Thread.run(Thread.java:840)
Caused by: org.hibernate.exception.JDBCConnectionException: Unable to acquire JDBC Connection [HikariPool-1 - Connection is not available, request timed out after 30006ms (total=0, active=0, idle=0, waiting=0)] [n/a]
	at org.hibernate.exception.internal.SQLExceptionTypeDelegate.convert(SQLExceptionTypeDelegate.java:51)
	at org.hibernate.exception.internal.StandardSQLExceptionConverter.convert(StandardSQLExceptionConverter.java:58)
	at org.hibernate.engine.jdbc.spi.SqlExceptionHelper.convert(SqlExceptionHelper.java:108)
	at org.hibernate.engine.jdbc.spi.SqlExceptionHelper.convert(SqlExceptionHelper.java:94)
	at org.hibernate.resource.jdbc.internal.LogicalConnectionManagedImpl.acquireConnectionIfNeeded(LogicalConnectionManagedImpl.java:129)
	at org.hibernate.resource.jdbc.internal.LogicalConnectionManagedImpl.getPhysicalConnection(LogicalConnectionManagedImpl.java:156)
	at org.hibernate.resource.jdbc.internal.LogicalConnectionManagedImpl.getConnectionForTransactionManagement(LogicalConnectionManagedImpl.java:286)
	at org.hibernate.resource.jdbc.internal.LogicalConnectionManagedImpl.begin(LogicalConnectionManagedImpl.java:294)
	at org.hibernate.resource.transaction.backend.jdbc.internal.JdbcResourceLocalTransactionCoordinatorImpl$TransactionDriverControlImpl.begin(JdbcResourceLocalTransactionCoordinatorImpl.java:232)
	at org.hibernate.engine.transaction.internal.TransactionImpl.begin(TransactionImpl.java:83)
	at org.springframework.orm.jpa.vendor.HibernateJpaDialect.beginTransaction(HibernateJpaDialect.java:176)
	at org.springframework.orm.jpa.JpaTransactionManager.doBegin(JpaTransactionManager.java:420)
	... 23 common frames omitted
Caused by: java.sql.SQLTransientConnectionException: HikariPool-1 - Connection is not available, request timed out after 30006ms (total=0, active=0, idle=0, waiting=0)
	at com.zaxxer.hikari.pool.HikariPool.createTimeoutException(HikariPool.java:686)
	at com.zaxxer.hikari.pool.HikariPool.getConnection(HikariPool.java:179)
	at com.zaxxer.hikari.pool.HikariPool.getConnection(HikariPool.java:144)
	at com.zaxxer.hikari.HikariDataSource.getConnection(HikariDataSource.java:127)
	at org.hibernate.engine.jdbc.connections.internal.DatasourceConnectionProviderImpl.getConnection(DatasourceConnectionProviderImpl.java:122)
	at org.hibernate.internal.NonContextualJdbcConnectionAccess.obtainConnection(NonContextualJdbcConnectionAccess.java:46)
	at org.hibernate.resource.jdbc.internal.LogicalConnectionManagedImpl.acquireConnectionIfNeeded(LogicalConnectionManagedImpl.java:126)
	... 30 common frames omitted
Caused by: java.sql.SQLException: Listener refused the connection with the following error:
ORA-12516, TNS:listener could not find available handler with matching protocol stack
  (CONNECTION_ID=UcSSqZ9kSYapYYyBsZHVOA==)
	at oracle.jdbc.driver.T4CConnection.handleLogonNetException(T4CConnection.java:902)
	at oracle.jdbc.driver.T4CConnection.logon(T4CConnection.java:707)
	at oracle.jdbc.driver.PhysicalConnection.connect(PhysicalConnection.java:1094)
	at oracle.jdbc.driver.T4CDriverExtension.getConnection(T4CDriverExtension.java:89)
	at oracle.jdbc.driver.OracleDriver.connect(OracleDriver.java:732)
	at oracle.jdbc.driver.OracleDriver.connect(OracleDriver.java:648)
	at com.zaxxer.hikari.util.DriverDataSource.getConnection(DriverDataSource.java:137)
	at com.zaxxer.hikari.pool.PoolBase.newConnection(PoolBase.java:360)
	at com.zaxxer.hikari.pool.PoolBase.newPoolEntry(PoolBase.java:202)
	at com.zaxxer.hikari.pool.HikariPool.createPoolEntry(HikariPool.java:461)
	at com.zaxxer.hikari.pool.HikariPool$PoolEntryCreator.call(HikariPool.java:724)
	at com.zaxxer.hikari.pool.HikariPool$PoolEntryCreator.call(HikariPool.java:703)
	at java.base/java.util.concurrent.FutureTask.run(FutureTask.java:264)
	... 3 common frames omitted
Caused by: oracle.net.ns.NetException: Listener refused the connection with the following error:
ORA-12516, TNS:listener could not find available handler with matching protocol stack
  (CONNECTION_ID=UcSSqZ9kSYapYYyBsZHVOA==)
	at oracle.net.ns.NSProtocolNIO.createRefusePacketException(NSProtocolNIO.java:824)
	at oracle.net.ns.NSProtocolNIO.handleConnectPacketResponse(NSProtocolNIO.java:396)
	at oracle.net.ns.NSProtocolNIO.negotiateConnection(NSProtocolNIO.java:207)
	at oracle.net.ns.NSProtocol.connect(NSProtocol.java:354)
	at oracle.jdbc.driver.T4CConnection.connect(T4CConnection.java:2627)
	at oracle.jdbc.driver.T4CConnection.logon(T4CConnection.java:666)
	... 14 common frames omitted
2026-07-14 13:12:17.204 [scheduling-1] WARN  org.hibernate.engine.jdbc.spi.SqlExceptionHelper - SQL Error: 0, SQLState: 66000
2026-07-14 13:12:17.204 [scheduling-1] ERROR org.hibernate.engine.jdbc.spi.SqlExceptionHelper - HikariPool-1 - Connection is not available, request timed out after 30014ms (total=0, active=0, idle=0, waiting=0)
2026-07-14 13:12:17.204 [scheduling-1] WARN  org.hibernate.engine.jdbc.spi.SqlExceptionHelper - SQL Error: 12516, SQLState: 66000
2026-07-14 13:12:17.204 [scheduling-1] ERROR org.hibernate.engine.jdbc.spi.SqlExceptionHelper - Listener refused the connection with the following error:
ORA-12516, TNS:listener could not find available handler with matching protocol stack
  (CONNECTION_ID=zI7LSb3TRKqPQq9wgWuDqg==)
2026-07-14 13:12:17.204 [scheduling-1] ERROR o.s.s.support.TaskUtils$LoggingErrorHandler - Unexpected error occurred in scheduled task
org.springframework.transaction.CannotCreateTransactionException: Could not open JPA EntityManager for transaction
	at org.springframework.orm.jpa.JpaTransactionManager.doBegin(JpaTransactionManager.java:466)
	at org.springframework.transaction.support.AbstractPlatformTransactionManager.startTransaction(AbstractPlatformTransactionManager.java:532)
	at org.springframework.transaction.support.AbstractPlatformTransactionManager.getTransaction(AbstractPlatformTransactionManager.java:405)
	at org.springframework.transaction.interceptor.TransactionAspectSupport.createTransactionIfNecessary(TransactionAspectSupport.java:604)
	at org.springframework.transaction.interceptor.TransactionAspectSupport.invokeWithinTransaction(TransactionAspectSupport.java:373)
	at org.springframework.transaction.interceptor.TransactionInterceptor.invoke(TransactionInterceptor.java:119)
	at org.springframework.aop.framework.ReflectiveMethodInvocation.proceed(ReflectiveMethodInvocation.java:184)
	at org.springframework.aop.framework.CglibAopProxy$CglibMethodInvocation.proceed(CglibAopProxy.java:768)
	at org.springframework.aop.framework.CglibAopProxy$DynamicAdvisedInterceptor.intercept(CglibAopProxy.java:720)
	at com.banque.msoc.kafka.OcOutboxPublisher$$SpringCGLIB$$0.publishPendingEvents(<generated>)
	at jdk.internal.reflect.GeneratedMethodAccessor37.invoke(Unknown Source)
	at java.base/jdk.internal.reflect.DelegatingMethodAccessorImpl.invoke(DelegatingMethodAccessorImpl.java:43)
	at java.base/java.lang.reflect.Method.invoke(Method.java:569)
	at org.springframework.scheduling.support.ScheduledMethodRunnable.runInternal(ScheduledMethodRunnable.java:130)
	at org.springframework.scheduling.support.ScheduledMethodRunnable.lambda$run$2(ScheduledMethodRunnable.java:124)
	at io.micrometer.observation.Observation.observe(Observation.java:499)
	at org.springframework.scheduling.support.ScheduledMethodRunnable.run(ScheduledMethodRunnable.java:124)
	at org.springframework.scheduling.support.DelegatingErrorHandlingRunnable.run(DelegatingErrorHandlingRunnable.java:54)
	at java.base/java.util.concurrent.Executors$RunnableAdapter.call(Executors.java:539)
	at java.base/java.util.concurrent.FutureTask.runAndReset(FutureTask.java:305)
	at java.base/java.util.concurrent.ScheduledThreadPoolExecutor$ScheduledFutureTask.run(ScheduledThreadPoolExecutor.java:305)
	at java.base/java.util.concurrent.ThreadPoolExecutor.runWorker(ThreadPoolExecutor.java:1136)
	at java.base/java.util.concurrent.ThreadPoolExecutor$Worker.run(ThreadPoolExecutor.java:635)
	at java.base/java.lang.Thread.run(Thread.java:840)
Caused by: org.hibernate.exception.JDBCConnectionException: Unable to acquire JDBC Connection [HikariPool-1 - Connection is not available, request timed out after 30014ms (total=0, active=0, idle=0, waiting=0)] [n/a]
	at org.hibernate.exception.internal.SQLExceptionTypeDelegate.convert(SQLExceptionTypeDelegate.java:51)
	at org.hibernate.exception.internal.StandardSQLExceptionConverter.convert(StandardSQLExceptionConverter.java:58)
	at org.hibernate.engine.jdbc.spi.SqlExceptionHelper.convert(SqlExceptionHelper.java:108)
	at org.hibernate.engine.jdbc.spi.SqlExceptionHelper.convert(SqlExceptionHelper.java:94)
	at org.hibernate.resource.jdbc.internal.LogicalConnectionManagedImpl.acquireConnectionIfNeeded(LogicalConnectionManagedImpl.java:129)
	at org.hibernate.resource.jdbc.internal.LogicalConnectionManagedImpl.getPhysicalConnection(LogicalConnectionManagedImpl.java:156)
	at org.hibernate.resource.jdbc.internal.LogicalConnectionManagedImpl.getConnectionForTransactionManagement(LogicalConnectionManagedImpl.java:286)
	at org.hibernate.resource.jdbc.internal.LogicalConnectionManagedImpl.begin(LogicalConnectionManagedImpl.java:294)
	at org.hibernate.resource.transaction.backend.jdbc.internal.JdbcResourceLocalTransactionCoordinatorImpl$TransactionDriverControlImpl.begin(JdbcResourceLocalTransactionCoordinatorImpl.java:232)
	at org.hibernate.engine.transaction.internal.TransactionImpl.begin(TransactionImpl.java:83)
	at org.springframework.orm.jpa.vendor.HibernateJpaDialect.beginTransaction(HibernateJpaDialect.java:176)
	at org.springframework.orm.jpa.JpaTransactionManager.doBegin(JpaTransactionManager.java:420)
	... 23 common frames omitted
Caused by: java.sql.SQLTransientConnectionException: HikariPool-1 - Connection is not available, request timed out after 30014ms (total=0, active=0, idle=0, waiting=0)
	at com.zaxxer.hikari.pool.HikariPool.createTimeoutException(HikariPool.java:686)
	at com.zaxxer.hikari.pool.HikariPool.getConnection(HikariPool.java:179)
	at com.zaxxer.hikari.pool.HikariPool.getConnection(HikariPool.java:144)
	at com.zaxxer.hikari.HikariDataSource.getConnection(HikariDataSource.java:127)
	at org.hibernate.engine.jdbc.connections.internal.DatasourceConnectionProviderImpl.getConnection(DatasourceConnectionProviderImpl.java:122)
	at org.hibernate.internal.NonContextualJdbcConnectionAccess.obtainConnection(NonContextualJdbcConnectionAccess.java:46)
	at org.hibernate.resource.jdbc.internal.LogicalConnectionManagedImpl.acquireConnectionIfNeeded(LogicalConnectionManagedImpl.java:126)
	... 30 common frames omitted
Caused by: java.sql.SQLException: Listener refused the connection with the following error:
ORA-12516, TNS:listener could not find available handler with matching protocol stack
  (CONNECTION_ID=zI7LSb3TRKqPQq9wgWuDqg==)
	at oracle.jdbc.driver.T4CConnection.handleLogonNetException(T4CConnection.java:902)
	at oracle.jdbc.driver.T4CConnection.logon(T4CConnection.java:707)
	at oracle.jdbc.driver.PhysicalConnection.connect(PhysicalConnection.java:1094)
	at oracle.jdbc.driver.T4CDriverExtension.getConnection(T4CDriverExtension.java:89)
	at oracle.jdbc.driver.OracleDriver.connect(OracleDriver.java:732)
	at oracle.jdbc.driver.OracleDriver.connect(OracleDriver.java:648)
	at com.zaxxer.hikari.util.DriverDataSource.getConnection(DriverDataSource.java:137)
	at com.zaxxer.hikari.pool.PoolBase.newConnection(PoolBase.java:360)
	at com.zaxxer.hikari.pool.PoolBase.newPoolEntry(PoolBase.java:202)
	at com.zaxxer.hikari.pool.HikariPool.createPoolEntry(HikariPool.java:461)
	at com.zaxxer.hikari.pool.HikariPool$PoolEntryCreator.call(HikariPool.java:724)
	at com.zaxxer.hikari.pool.HikariPool$PoolEntryCreator.call(HikariPool.java:703)
	at java.base/java.util.concurrent.FutureTask.run(FutureTask.java:264)
	... 3 common frames omitted
Caused by: oracle.net.ns.NetException: Listener refused the connection with the following error:
ORA-12516, TNS:listener could not find available handler with matching protocol stack
  (CONNECTION_ID=zI7LSb3TRKqPQq9wgWuDqg==)
	at oracle.net.ns.NSProtocolNIO.createRefusePacketException(NSProtocolNIO.java:824)
	at oracle.net.ns.NSProtocolNIO.handleConnectPacketResponse(NSProtocolNIO.java:396)
	at oracle.net.ns.NSProtocolNIO.negotiateConnection(NSProtocolNIO.java:207)
	at oracle.net.ns.NSProtocol.connect(NSProtocol.java:354)
	at oracle.jdbc.driver.T4CConnection.connect(T4CConnection.java:2627)
	at oracle.jdbc.driver.T4CConnection.logon(T4CConnection.java:666)
	... 14 common frames omitted
2026-07-14 13:12:52.231 [scheduling-1] WARN  org.hibernate.engine.jdbc.spi.SqlExceptionHelper - SQL Error: 0, SQLState: 66000
2026-07-14 13:12:52.231 [scheduling-1] ERROR org.hibernate.engine.jdbc.spi.SqlExceptionHelper - HikariPool-1 - Connection is not available, request timed out after 30010ms (total=0, active=0, idle=0, waiting=0)
2026-07-14 13:12:52.231 [scheduling-1] WARN  org.hibernate.engine.jdbc.spi.SqlExceptionHelper - SQL Error: 12516, SQLState: 66000
2026-07-14 13:12:52.231 [scheduling-1] ERROR org.hibernate.engine.jdbc.spi.SqlExceptionHelper - Listener refused the connection with the following error:
ORA-12516, TNS:listener could not find available handler with matching protocol stack
  (CONNECTION_ID=XJiSAY0DQAeWJ6E9aqGfQA==)
2026-07-14 13:12:52.231 [scheduling-1] ERROR o.s.s.support.TaskUtils$LoggingErrorHandler - Unexpected error occurred in scheduled task
org.springframework.transaction.CannotCreateTransactionException: Could not open JPA EntityManager for transaction
	at org.springframework.orm.jpa.JpaTransactionManager.doBegin(JpaTransactionManager.java:466)
	at org.springframework.transaction.support.AbstractPlatformTransactionManager.startTransaction(AbstractPlatformTransactionManager.java:532)
	at org.springframework.transaction.support.AbstractPlatformTransactionManager.getTransaction(AbstractPlatformTransactionManager.java:405)
	at org.springframework.transaction.interceptor.TransactionAspectSupport.createTransactionIfNecessary(TransactionAspectSupport.java:604)
	at org.springframework.transaction.interceptor.TransactionAspectSupport.invokeWithinTransaction(TransactionAspectSupport.java:373)
	at org.springframework.transaction.interceptor.TransactionInterceptor.invoke(TransactionInterceptor.java:119)
	at org.springframework.aop.framework.ReflectiveMethodInvocation.proceed(ReflectiveMethodInvocation.java:184)
	at org.springframework.aop.framework.CglibAopProxy$CglibMethodInvocation.proceed(CglibAopProxy.java:768)
	at org.springframework.aop.framework.CglibAopProxy$DynamicAdvisedInterceptor.intercept(CglibAopProxy.java:720)
	at com.banque.msoc.kafka.OcOutboxPublisher$$SpringCGLIB$$0.publishPendingEvents(<generated>)
	at jdk.internal.reflect.GeneratedMethodAccessor37.invoke(Unknown Source)
	at java.base/jdk.internal.reflect.DelegatingMethodAccessorImpl.invoke(DelegatingMethodAccessorImpl.java:43)
	at java.base/java.lang.reflect.Method.invoke(Method.java:569)
	at org.springframework.scheduling.support.ScheduledMethodRunnable.runInternal(ScheduledMethodRunnable.java:130)
	at org.springframework.scheduling.support.ScheduledMethodRunnable.lambda$run$2(ScheduledMethodRunnable.java:124)
	at io.micrometer.observation.Observation.observe(Observation.java:499)
	at org.springframework.scheduling.support.ScheduledMethodRunnable.run(ScheduledMethodRunnable.java:124)
	at org.springframework.scheduling.support.DelegatingErrorHandlingRunnable.run(DelegatingErrorHandlingRunnable.java:54)
	at java.base/java.util.concurrent.Executors$RunnableAdapter.call(Executors.java:539)
	at java.base/java.util.concurrent.FutureTask.runAndReset(FutureTask.java:305)
	at java.base/java.util.concurrent.ScheduledThreadPoolExecutor$ScheduledFutureTask.run(ScheduledThreadPoolExecutor.java:305)
	at java.base/java.util.concurrent.ThreadPoolExecutor.runWorker(ThreadPoolExecutor.java:1136)
	at java.base/java.util.concurrent.ThreadPoolExecutor$Worker.run(ThreadPoolExecutor.java:635)
	at java.base/java.lang.Thread.run(Thread.java:840)
Caused by: org.hibernate.exception.JDBCConnectionException: Unable to acquire JDBC Connection [HikariPool-1 - Connection is not available, request timed out after 30010ms (total=0, active=0, idle=0, waiting=0)] [n/a]
	at org.hibernate.exception.internal.SQLExceptionTypeDelegate.convert(SQLExceptionTypeDelegate.java:51)
	at org.hibernate.exception.internal.StandardSQLExceptionConverter.convert(StandardSQLExceptionConverter.java:58)
	at org.hibernate.engine.jdbc.spi.SqlExceptionHelper.convert(SqlExceptionHelper.java:108)
	at org.hibernate.engine.jdbc.spi.SqlExceptionHelper.convert(SqlExceptionHelper.java:94)
	at org.hibernate.resource.jdbc.internal.LogicalConnectionManagedImpl.acquireConnectionIfNeeded(LogicalConnectionManagedImpl.java:129)
	at org.hibernate.resource.jdbc.internal.LogicalConnectionManagedImpl.getPhysicalConnection(LogicalConnectionManagedImpl.java:156)
	at org.hibernate.resource.jdbc.internal.LogicalConnectionManagedImpl.getConnectionForTransactionManagement(LogicalConnectionManagedImpl.java:286)
	at org.hibernate.resource.jdbc.internal.LogicalConnectionManagedImpl.begin(LogicalConnectionManagedImpl.java:294)
	at org.hibernate.resource.transaction.backend.jdbc.internal.JdbcResourceLocalTransactionCoordinatorImpl$TransactionDriverControlImpl.begin(JdbcResourceLocalTransactionCoordinatorImpl.java:232)
	at org.hibernate.engine.transaction.internal.TransactionImpl.begin(TransactionImpl.java:83)
	at org.springframework.orm.jpa.vendor.HibernateJpaDialect.beginTransaction(HibernateJpaDialect.java:176)
	at org.springframework.orm.jpa.JpaTransactionManager.doBegin(JpaTransactionManager.java:420)
	... 23 common frames omitted
Caused by: java.sql.SQLTransientConnectionException: HikariPool-1 - Connection is not available, request timed out after 30010ms (total=0, active=0, idle=0, waiting=0)
	at com.zaxxer.hikari.pool.HikariPool.createTimeoutException(HikariPool.java:686)
	at com.zaxxer.hikari.pool.HikariPool.getConnection(HikariPool.java:179)
	at com.zaxxer.hikari.pool.HikariPool.getConnection(HikariPool.java:144)
	at com.zaxxer.hikari.HikariDataSource.getConnection(HikariDataSource.java:127)
	at org.hibernate.engine.jdbc.connections.internal.DatasourceConnectionProviderImpl.getConnection(DatasourceConnectionProviderImpl.java:122)
	at org.hibernate.internal.NonContextualJdbcConnectionAccess.obtainConnection(NonContextualJdbcConnectionAccess.java:46)
	at org.hibernate.resource.jdbc.internal.LogicalConnectionManagedImpl.acquireConnectionIfNeeded(LogicalConnectionManagedImpl.java:126)
	... 30 common frames omitted
Caused by: java.sql.SQLException: Listener refused the connection with the following error:
ORA-12516, TNS:listener could not find available handler with matching protocol stack
  (CONNECTION_ID=XJiSAY0DQAeWJ6E9aqGfQA==)
	at oracle.jdbc.driver.T4CConnection.handleLogonNetException(T4CConnection.java:902)
	at oracle.jdbc.driver.T4CConnection.logon(T4CConnection.java:707)
	at oracle.jdbc.driver.PhysicalConnection.connect(PhysicalConnection.java:1094)
	at oracle.jdbc.driver.T4CDriverExtension.getConnection(T4CDriverExtension.java:89)
	at oracle.jdbc.driver.OracleDriver.connect(OracleDriver.java:732)
	at oracle.jdbc.driver.OracleDriver.connect(OracleDriver.java:648)
	at com.zaxxer.hikari.util.DriverDataSource.getConnection(DriverDataSource.java:137)
	at com.zaxxer.hikari.pool.PoolBase.newConnection(PoolBase.java:360)
	at com.zaxxer.hikari.pool.PoolBase.newPoolEntry(PoolBase.java:202)
	at com.zaxxer.hikari.pool.HikariPool.createPoolEntry(HikariPool.java:461)
	at com.zaxxer.hikari.pool.HikariPool$PoolEntryCreator.call(HikariPool.java:724)
	at com.zaxxer.hikari.pool.HikariPool$PoolEntryCreator.call(HikariPool.java:703)
	at java.base/java.util.concurrent.FutureTask.run(FutureTask.java:264)
	... 3 common frames omitted
Caused by: oracle.net.ns.NetException: Listener refused the connection with the following error:
ORA-12516, TNS:listener could not find available handler with matching protocol stack
  (CONNECTION_ID=XJiSAY0DQAeWJ6E9aqGfQA==)
	at oracle.net.ns.NSProtocolNIO.createRefusePacketException(NSProtocolNIO.java:824)
	at oracle.net.ns.NSProtocolNIO.handleConnectPacketResponse(NSProtocolNIO.java:396)
	at oracle.net.ns.NSProtocolNIO.negotiateConnection(NSProtocolNIO.java:207)
	at oracle.net.ns.NSProtocol.connect(NSProtocol.java:354)
	at oracle.jdbc.driver.T4CConnection.connect(T4CConnection.java:2627)
	at oracle.jdbc.driver.T4CConnection.logon(T4CConnection.java:666)
	... 14 common frames omitted
2026-07-14 13:13:27.263 [scheduling-1] WARN  org.hibernate.engine.jdbc.spi.SqlExceptionHelper - SQL Error: 0, SQLState: 66000
2026-07-14 13:13:27.263 [scheduling-1] ERROR org.hibernate.engine.jdbc.spi.SqlExceptionHelper - HikariPool-1 - Connection is not available, request timed out after 30014ms (total=0, active=0, idle=0, waiting=0)
2026-07-14 13:13:27.263 [scheduling-1] WARN  org.hibernate.engine.jdbc.spi.SqlExceptionHelper - SQL Error: 12516, SQLState: 66000
2026-07-14 13:13:27.263 [scheduling-1] ERROR org.hibernate.engine.jdbc.spi.SqlExceptionHelper - Listener refused the connection with the following error:
ORA-12516, TNS:listener could not find available handler with matching protocol stack
  (CONNECTION_ID=liLSbREiTUWahSmVMlydjQ==)
2026-07-14 13:13:27.263 [scheduling-1] ERROR o.s.s.support.TaskUtils$LoggingErrorHandler - Unexpected error occurred in scheduled task
org.springframework.transaction.CannotCreateTransactionException: Could not open JPA EntityManager for transaction
	at org.springframework.orm.jpa.JpaTransactionManager.doBegin(JpaTransactionManager.java:466)
	at org.springframework.transaction.support.AbstractPlatformTransactionManager.startTransaction(AbstractPlatformTransactionManager.java:532)
	at org.springframework.transaction.support.AbstractPlatformTransactionManager.getTransaction(AbstractPlatformTransactionManager.java:405)
	at org.springframework.transaction.interceptor.TransactionAspectSupport.createTransactionIfNecessary(TransactionAspectSupport.java:604)
	at org.springframework.transaction.interceptor.TransactionAspectSupport.invokeWithinTransaction(TransactionAspectSupport.java:373)
	at org.springframework.transaction.interceptor.TransactionInterceptor.invoke(TransactionInterceptor.java:119)
	at org.springframework.aop.framework.ReflectiveMethodInvocation.proceed(ReflectiveMethodInvocation.java:184)
	at org.springframework.aop.framework.CglibAopProxy$CglibMethodInvocation.proceed(CglibAopProxy.java:768)
	at org.springframework.aop.framework.CglibAopProxy$DynamicAdvisedInterceptor.intercept(CglibAopProxy.java:720)
	at com.banque.msoc.kafka.OcOutboxPublisher$$SpringCGLIB$$0.publishPendingEvents(<generated>)
	at jdk.internal.reflect.GeneratedMethodAccessor37.invoke(Unknown Source)
	at java.base/jdk.internal.reflect.DelegatingMethodAccessorImpl.invoke(DelegatingMethodAccessorImpl.java:43)
	at java.base/java.lang.reflect.Method.invoke(Method.java:569)
	at org.springframework.scheduling.support.ScheduledMethodRunnable.runInternal(ScheduledMethodRunnable.java:130)
	at org.springframework.scheduling.support.ScheduledMethodRunnable.lambda$run$2(ScheduledMethodRunnable.java:124)
	at io.micrometer.observation.Observation.observe(Observation.java:499)
	at org.springframework.scheduling.support.ScheduledMethodRunnable.run(ScheduledMethodRunnable.java:124)
	at org.springframework.scheduling.support.DelegatingErrorHandlingRunnable.run(DelegatingErrorHandlingRunnable.java:54)
	at java.base/java.util.concurrent.Executors$RunnableAdapter.call(Executors.java:539)
	at java.base/java.util.concurrent.FutureTask.runAndReset(FutureTask.java:305)
	at java.base/java.util.concurrent.ScheduledThreadPoolExecutor$ScheduledFutureTask.run(ScheduledThreadPoolExecutor.java:305)
	at java.base/java.util.concurrent.ThreadPoolExecutor.runWorker(ThreadPoolExecutor.java:1136)
	at java.base/java.util.concurrent.ThreadPoolExecutor$Worker.run(ThreadPoolExecutor.java:635)
	at java.base/java.lang.Thread.run(Thread.java:840)
Caused by: org.hibernate.exception.JDBCConnectionException: Unable to acquire JDBC Connection [HikariPool-1 - Connection is not available, request timed out after 30014ms (total=0, active=0, idle=0, waiting=0)] [n/a]
	at org.hibernate.exception.internal.SQLExceptionTypeDelegate.convert(SQLExceptionTypeDelegate.java:51)
	at org.hibernate.exception.internal.StandardSQLExceptionConverter.convert(StandardSQLExceptionConverter.java:58)
	at org.hibernate.engine.jdbc.spi.SqlExceptionHelper.convert(SqlExceptionHelper.java:108)
	at org.hibernate.engine.jdbc.spi.SqlExceptionHelper.convert(SqlExceptionHelper.java:94)
	at org.hibernate.resource.jdbc.internal.LogicalConnectionManagedImpl.acquireConnectionIfNeeded(LogicalConnectionManagedImpl.java:129)
	at org.hibernate.resource.jdbc.internal.LogicalConnectionManagedImpl.getPhysicalConnection(LogicalConnectionManagedImpl.java:156)
	at org.hibernate.resource.jdbc.internal.LogicalConnectionManagedImpl.getConnectionForTransactionManagement(LogicalConnectionManagedImpl.java:286)
	at org.hibernate.resource.jdbc.internal.LogicalConnectionManagedImpl.begin(LogicalConnectionManagedImpl.java:294)
	at org.hibernate.resource.transaction.backend.jdbc.internal.JdbcResourceLocalTransactionCoordinatorImpl$TransactionDriverControlImpl.begin(JdbcResourceLocalTransactionCoordinatorImpl.java:232)
	at org.hibernate.engine.transaction.internal.TransactionImpl.begin(TransactionImpl.java:83)
	at org.springframework.orm.jpa.vendor.HibernateJpaDialect.beginTransaction(HibernateJpaDialect.java:176)
	at org.springframework.orm.jpa.JpaTransactionManager.doBegin(JpaTransactionManager.java:420)
	... 23 common frames omitted
Caused by: java.sql.SQLTransientConnectionException: HikariPool-1 - Connection is not available, request timed out after 30014ms (total=0, active=0, idle=0, waiting=0)
	at com.zaxxer.hikari.pool.HikariPool.createTimeoutException(HikariPool.java:686)
	at com.zaxxer.hikari.pool.HikariPool.getConnection(HikariPool.java:179)
	at com.zaxxer.hikari.pool.HikariPool.getConnection(HikariPool.java:144)
	at com.zaxxer.hikari.HikariDataSource.getConnection(HikariDataSource.java:127)
	at org.hibernate.engine.jdbc.connections.internal.DatasourceConnectionProviderImpl.getConnection(DatasourceConnectionProviderImpl.java:122)
	at org.hibernate.internal.NonContextualJdbcConnectionAccess.obtainConnection(NonContextualJdbcConnectionAccess.java:46)
	at org.hibernate.resource.jdbc.internal.LogicalConnectionManagedImpl.acquireConnectionIfNeeded(LogicalConnectionManagedImpl.java:126)
	... 30 common frames omitted
Caused by: java.sql.SQLException: Listener refused the connection with the following error:
ORA-12516, TNS:listener could not find available handler with matching protocol stack
  (CONNECTION_ID=liLSbREiTUWahSmVMlydjQ==)
	at oracle.jdbc.driver.T4CConnection.handleLogonNetException(T4CConnection.java:902)
	at oracle.jdbc.driver.T4CConnection.logon(T4CConnection.java:707)
	at oracle.jdbc.driver.PhysicalConnection.connect(PhysicalConnection.java:1094)
	at oracle.jdbc.driver.T4CDriverExtension.getConnection(T4CDriverExtension.java:89)
	at oracle.jdbc.driver.OracleDriver.connect(OracleDriver.java:732)
	at oracle.jdbc.driver.OracleDriver.connect(OracleDriver.java:648)
	at com.zaxxer.hikari.util.DriverDataSource.getConnection(DriverDataSource.java:137)
	at com.zaxxer.hikari.pool.PoolBase.newConnection(PoolBase.java:360)
	at com.zaxxer.hikari.pool.PoolBase.newPoolEntry(PoolBase.java:202)
	at com.zaxxer.hikari.pool.HikariPool.createPoolEntry(HikariPool.java:461)
	at com.zaxxer.hikari.pool.HikariPool$PoolEntryCreator.call(HikariPool.java:724)
	at com.zaxxer.hikari.pool.HikariPool$PoolEntryCreator.call(HikariPool.java:703)
	at java.base/java.util.concurrent.FutureTask.run(FutureTask.java:264)
	... 3 common frames omitted
Caused by: oracle.net.ns.NetException: Listener refused the connection with the following error:
ORA-12516, TNS:listener could not find available handler with matching protocol stack
  (CONNECTION_ID=liLSbREiTUWahSmVMlydjQ==)
	at oracle.net.ns.NSProtocolNIO.createRefusePacketException(NSProtocolNIO.java:824)
	at oracle.net.ns.NSProtocolNIO.handleConnectPacketResponse(NSProtocolNIO.java:396)
	at oracle.net.ns.NSProtocolNIO.negotiateConnection(NSProtocolNIO.java:207)
	at oracle.net.ns.NSProtocol.connect(NSProtocol.java:354)
	at oracle.jdbc.driver.T4CConnection.connect(T4CConnection.java:2627)
	at oracle.jdbc.driver.T4CConnection.logon(T4CConnection.java:666)
	... 14 common frames omitted
2026-07-14 13:14:02.290 [scheduling-1] WARN  org.hibernate.engine.jdbc.spi.SqlExceptionHelper - SQL Error: 0, SQLState: 66000
2026-07-14 13:14:02.290 [scheduling-1] ERROR org.hibernate.engine.jdbc.spi.SqlExceptionHelper - HikariPool-1 - Connection is not available, request timed out after 30013ms (total=0, active=0, idle=0, waiting=0)
2026-07-14 13:14:02.290 [scheduling-1] WARN  org.hibernate.engine.jdbc.spi.SqlExceptionHelper - SQL Error: 12516, SQLState: 66000
2026-07-14 13:14:02.290 [scheduling-1] ERROR org.hibernate.engine.jdbc.spi.SqlExceptionHelper - Listener refused the connection with the following error:
ORA-12516, TNS:listener could not find available handler with matching protocol stack
  (CONNECTION_ID=Mcz9X8ulTfeTF3E8ZpP8fw==)
2026-07-14 13:14:02.290 [scheduling-1] ERROR o.s.s.support.TaskUtils$LoggingErrorHandler - Unexpected error occurred in scheduled task
org.springframework.transaction.CannotCreateTransactionException: Could not open JPA EntityManager for transaction
	at org.springframework.orm.jpa.JpaTransactionManager.doBegin(JpaTransactionManager.java:466)
	at org.springframework.transaction.support.AbstractPlatformTransactionManager.startTransaction(AbstractPlatformTransactionManager.java:532)
	at org.springframework.transaction.support.AbstractPlatformTransactionManager.getTransaction(AbstractPlatformTransactionManager.java:405)
	at org.springframework.transaction.interceptor.TransactionAspectSupport.createTransactionIfNecessary(TransactionAspectSupport.java:604)
	at org.springframework.transaction.interceptor.TransactionAspectSupport.invokeWithinTransaction(TransactionAspectSupport.java:373)
	at org.springframework.transaction.interceptor.TransactionInterceptor.invoke(TransactionInterceptor.java:119)
	at org.springframework.aop.framework.ReflectiveMethodInvocation.proceed(ReflectiveMethodInvocation.java:184)
	at org.springframework.aop.framework.CglibAopProxy$CglibMethodInvocation.proceed(CglibAopProxy.java:768)
	at org.springframework.aop.framework.CglibAopProxy$DynamicAdvisedInterceptor.intercept(CglibAopProxy.java:720)
	at com.banque.msoc.kafka.OcOutboxPublisher$$SpringCGLIB$$0.publishPendingEvents(<generated>)
	at jdk.internal.reflect.GeneratedMethodAccessor37.invoke(Unknown Source)
	at java.base/jdk.internal.reflect.DelegatingMethodAccessorImpl.invoke(DelegatingMethodAccessorImpl.java:43)
	at java.base/java.lang.reflect.Method.invoke(Method.java:569)
	at org.springframework.scheduling.support.ScheduledMethodRunnable.runInternal(ScheduledMethodRunnable.java:130)
	at org.springframework.scheduling.support.ScheduledMethodRunnable.lambda$run$2(ScheduledMethodRunnable.java:124)
	at io.micrometer.observation.Observation.observe(Observation.java:499)
	at org.springframework.scheduling.support.ScheduledMethodRunnable.run(ScheduledMethodRunnable.java:124)
	at org.springframework.scheduling.support.DelegatingErrorHandlingRunnable.run(DelegatingErrorHandlingRunnable.java:54)
	at java.base/java.util.concurrent.Executors$RunnableAdapter.call(Executors.java:539)
	at java.base/java.util.concurrent.FutureTask.runAndReset(FutureTask.java:305)
	at java.base/java.util.concurrent.ScheduledThreadPoolExecutor$ScheduledFutureTask.run(ScheduledThreadPoolExecutor.java:305)
	at java.base/java.util.concurrent.ThreadPoolExecutor.runWorker(ThreadPoolExecutor.java:1136)
	at java.base/java.util.concurrent.ThreadPoolExecutor$Worker.run(ThreadPoolExecutor.java:635)
	at java.base/java.lang.Thread.run(Thread.java:840)
Caused by: org.hibernate.exception.JDBCConnectionException: Unable to acquire JDBC Connection [HikariPool-1 - Connection is not available, request timed out after 30013ms (total=0, active=0, idle=0, waiting=0)] [n/a]
	at org.hibernate.exception.internal.SQLExceptionTypeDelegate.convert(SQLExceptionTypeDelegate.java:51)
	at org.hibernate.exception.internal.StandardSQLExceptionConverter.convert(StandardSQLExceptionConverter.java:58)
	at org.hibernate.engine.jdbc.spi.SqlExceptionHelper.convert(SqlExceptionHelper.java:108)
	at org.hibernate.engine.jdbc.spi.SqlExceptionHelper.convert(SqlExceptionHelper.java:94)
	at org.hibernate.resource.jdbc.internal.LogicalConnectionManagedImpl.acquireConnectionIfNeeded(LogicalConnectionManagedImpl.java:129)
	at org.hibernate.resource.jdbc.internal.LogicalConnectionManagedImpl.getPhysicalConnection(LogicalConnectionManagedImpl.java:156)
	at org.hibernate.resource.jdbc.internal.LogicalConnectionManagedImpl.getConnectionForTransactionManagement(LogicalConnectionManagedImpl.java:286)
	at org.hibernate.resource.jdbc.internal.LogicalConnectionManagedImpl.begin(LogicalConnectionManagedImpl.java:294)
	at org.hibernate.resource.transaction.backend.jdbc.internal.JdbcResourceLocalTransactionCoordinatorImpl$TransactionDriverControlImpl.begin(JdbcResourceLocalTransactionCoordinatorImpl.java:232)
	at org.hibernate.engine.transaction.internal.TransactionImpl.begin(TransactionImpl.java:83)
	at org.springframework.orm.jpa.vendor.HibernateJpaDialect.beginTransaction(HibernateJpaDialect.java:176)
	at org.springframework.orm.jpa.JpaTransactionManager.doBegin(JpaTransactionManager.java:420)
	... 23 common frames omitted
Caused by: java.sql.SQLTransientConnectionException: HikariPool-1 - Connection is not available, request timed out after 30013ms (total=0, active=0, idle=0, waiting=0)
	at com.zaxxer.hikari.pool.HikariPool.createTimeoutException(HikariPool.java:686)
	at com.zaxxer.hikari.pool.HikariPool.getConnection(HikariPool.java:179)
	at com.zaxxer.hikari.pool.HikariPool.getConnection(HikariPool.java:144)
	at com.zaxxer.hikari.HikariDataSource.getConnection(HikariDataSource.java:127)
	at org.hibernate.engine.jdbc.connections.internal.DatasourceConnectionProviderImpl.getConnection(DatasourceConnectionProviderImpl.java:122)
	at org.hibernate.internal.NonContextualJdbcConnectionAccess.obtainConnection(NonContextualJdbcConnectionAccess.java:46)
	at org.hibernate.resource.jdbc.internal.LogicalConnectionManagedImpl.acquireConnectionIfNeeded(LogicalConnectionManagedImpl.java:126)
	... 30 common frames omitted
Caused by: java.sql.SQLException: Listener refused the connection with the following error:
ORA-12516, TNS:listener could not find available handler with matching protocol stack
  (CONNECTION_ID=Mcz9X8ulTfeTF3E8ZpP8fw==)
	at oracle.jdbc.driver.T4CConnection.handleLogonNetException(T4CConnection.java:902)
	at oracle.jdbc.driver.T4CConnection.logon(T4CConnection.java:707)
	at oracle.jdbc.driver.PhysicalConnection.connect(PhysicalConnection.java:1094)
	at oracle.jdbc.driver.T4CDriverExtension.getConnection(T4CDriverExtension.java:89)
	at oracle.jdbc.driver.OracleDriver.connect(OracleDriver.java:732)
	at oracle.jdbc.driver.OracleDriver.connect(OracleDriver.java:648)
	at com.zaxxer.hikari.util.DriverDataSource.getConnection(DriverDataSource.java:137)
	at com.zaxxer.hikari.pool.PoolBase.newConnection(PoolBase.java:360)
	at com.zaxxer.hikari.pool.PoolBase.newPoolEntry(PoolBase.java:202)
	at com.zaxxer.hikari.pool.HikariPool.createPoolEntry(HikariPool.java:461)
	at com.zaxxer.hikari.pool.HikariPool$PoolEntryCreator.call(HikariPool.java:724)
	at com.zaxxer.hikari.pool.HikariPool$PoolEntryCreator.call(HikariPool.java:703)
	at java.base/java.util.concurrent.FutureTask.run(FutureTask.java:264)
	... 3 common frames omitted
Caused by: oracle.net.ns.NetException: Listener refused the connection with the following error:
ORA-12516, TNS:listener could not find available handler with matching protocol stack
  (CONNECTION_ID=Mcz9X8ulTfeTF3E8ZpP8fw==)
	at oracle.net.ns.NSProtocolNIO.createRefusePacketException(NSProtocolNIO.java:824)
	at oracle.net.ns.NSProtocolNIO.handleConnectPacketResponse(NSProtocolNIO.java:396)
	at oracle.net.ns.NSProtocolNIO.negotiateConnection(NSProtocolNIO.java:207)
	at oracle.net.ns.NSProtocol.connect(NSProtocol.java:354)
	at oracle.jdbc.driver.T4CConnection.connect(T4CConnection.java:2627)
	at oracle.jdbc.driver.T4CConnection.logon(T4CConnection.java:666)
	... 14 common frames omitted
2026-07-14 13:14:37.301 [scheduling-1] WARN  org.hibernate.engine.jdbc.spi.SqlExceptionHelper - SQL Error: 0, SQLState: 66000
2026-07-14 13:14:37.302 [scheduling-1] ERROR org.hibernate.engine.jdbc.spi.SqlExceptionHelper - HikariPool-1 - Connection is not available, request timed out after 30000ms (total=0, active=0, idle=0, waiting=0)
2026-07-14 13:14:37.302 [scheduling-1] WARN  org.hibernate.engine.jdbc.spi.SqlExceptionHelper - SQL Error: 12516, SQLState: 66000
2026-07-14 13:14:37.302 [scheduling-1] ERROR org.hibernate.engine.jdbc.spi.SqlExceptionHelper - Listener refused the connection with the following error:
ORA-12516, TNS:listener could not find available handler with matching protocol stack
  (CONNECTION_ID=d8HxilZ/Q+qtRIZmgvC4FA==)
2026-07-14 13:14:37.302 [scheduling-1] ERROR o.s.s.support.TaskUtils$LoggingErrorHandler - Unexpected error occurred in scheduled task
org.springframework.transaction.CannotCreateTransactionException: Could not open JPA EntityManager for transaction
	at org.springframework.orm.jpa.JpaTransactionManager.doBegin(JpaTransactionManager.java:466)
	at org.springframework.transaction.support.AbstractPlatformTransactionManager.startTransaction(AbstractPlatformTransactionManager.java:532)
	at org.springframework.transaction.support.AbstractPlatformTransactionManager.getTransaction(AbstractPlatformTransactionManager.java:405)
	at org.springframework.transaction.interceptor.TransactionAspectSupport.createTransactionIfNecessary(TransactionAspectSupport.java:604)
	at org.springframework.transaction.interceptor.TransactionAspectSupport.invokeWithinTransaction(TransactionAspectSupport.java:373)
	at org.springframework.transaction.interceptor.TransactionInterceptor.invoke(TransactionInterceptor.java:119)
	at org.springframework.aop.framework.ReflectiveMethodInvocation.proceed(ReflectiveMethodInvocation.java:184)
	at org.springframework.aop.framework.CglibAopProxy$CglibMethodInvocation.proceed(CglibAopProxy.java:768)
	at org.springframework.aop.framework.CglibAopProxy$DynamicAdvisedInterceptor.intercept(CglibAopProxy.java:720)
	at com.banque.msoc.kafka.OcOutboxPublisher$$SpringCGLIB$$0.publishPendingEvents(<generated>)
	at jdk.internal.reflect.GeneratedMethodAccessor37.invoke(Unknown Source)
	at java.base/jdk.internal.reflect.DelegatingMethodAccessorImpl.invoke(DelegatingMethodAccessorImpl.java:43)
	at java.base/java.lang.reflect.Method.invoke(Method.java:569)
	at org.springframework.scheduling.support.ScheduledMethodRunnable.runInternal(ScheduledMethodRunnable.java:130)
	at org.springframework.scheduling.support.ScheduledMethodRunnable.lambda$run$2(ScheduledMethodRunnable.java:124)
	at io.micrometer.observation.Observation.observe(Observation.java:499)
	at org.springframework.scheduling.support.ScheduledMethodRunnable.run(ScheduledMethodRunnable.java:124)
	at org.springframework.scheduling.support.DelegatingErrorHandlingRunnable.run(DelegatingErrorHandlingRunnable.java:54)
	at java.base/java.util.concurrent.Executors$RunnableAdapter.call(Executors.java:539)
	at java.base/java.util.concurrent.FutureTask.runAndReset(FutureTask.java:305)
	at java.base/java.util.concurrent.ScheduledThreadPoolExecutor$ScheduledFutureTask.run(ScheduledThreadPoolExecutor.java:305)
	at java.base/java.util.concurrent.ThreadPoolExecutor.runWorker(ThreadPoolExecutor.java:1136)
	at java.base/java.util.concurrent.ThreadPoolExecutor$Worker.run(ThreadPoolExecutor.java:635)
	at java.base/java.lang.Thread.run(Thread.java:840)
Caused by: org.hibernate.exception.JDBCConnectionException: Unable to acquire JDBC Connection [HikariPool-1 - Connection is not available, request timed out after 30000ms (total=0, active=0, idle=0, waiting=0)] [n/a]
	at org.hibernate.exception.internal.SQLExceptionTypeDelegate.convert(SQLExceptionTypeDelegate.java:51)
	at org.hibernate.exception.internal.StandardSQLExceptionConverter.convert(StandardSQLExceptionConverter.java:58)
	at org.hibernate.engine.jdbc.spi.SqlExceptionHelper.convert(SqlExceptionHelper.java:108)
	at org.hibernate.engine.jdbc.spi.SqlExceptionHelper.convert(SqlExceptionHelper.java:94)
	at org.hibernate.resource.jdbc.internal.LogicalConnectionManagedImpl.acquireConnectionIfNeeded(LogicalConnectionManagedImpl.java:129)
	at org.hibernate.resource.jdbc.internal.LogicalConnectionManagedImpl.getPhysicalConnection(LogicalConnectionManagedImpl.java:156)
	at org.hibernate.resource.jdbc.internal.LogicalConnectionManagedImpl.getConnectionForTransactionManagement(LogicalConnectionManagedImpl.java:286)
	at org.hibernate.resource.jdbc.internal.LogicalConnectionManagedImpl.begin(LogicalConnectionManagedImpl.java:294)
	at org.hibernate.resource.transaction.backend.jdbc.internal.JdbcResourceLocalTransactionCoordinatorImpl$TransactionDriverControlImpl.begin(JdbcResourceLocalTransactionCoordinatorImpl.java:232)
	at org.hibernate.engine.transaction.internal.TransactionImpl.begin(TransactionImpl.java:83)
	at org.springframework.orm.jpa.vendor.HibernateJpaDialect.beginTransaction(HibernateJpaDialect.java:176)
	at org.springframework.orm.jpa.JpaTransactionManager.doBegin(JpaTransactionManager.java:420)
	... 23 common frames omitted
Caused by: java.sql.SQLTransientConnectionException: HikariPool-1 - Connection is not available, request timed out after 30000ms (total=0, active=0, idle=0, waiting=0)
	at com.zaxxer.hikari.pool.HikariPool.createTimeoutException(HikariPool.java:686)
	at com.zaxxer.hikari.pool.HikariPool.getConnection(HikariPool.java:179)
	at com.zaxxer.hikari.pool.HikariPool.getConnection(HikariPool.java:144)
	at com.zaxxer.hikari.HikariDataSource.getConnection(HikariDataSource.java:127)
	at org.hibernate.engine.jdbc.connections.internal.DatasourceConnectionProviderImpl.getConnection(DatasourceConnectionProviderImpl.java:122)
	at org.hibernate.internal.NonContextualJdbcConnectionAccess.obtainConnection(NonContextualJdbcConnectionAccess.java:46)
	at org.hibernate.resource.jdbc.internal.LogicalConnectionManagedImpl.acquireConnectionIfNeeded(LogicalConnectionManagedImpl.java:126)
	... 30 common frames omitted
Caused by: java.sql.SQLException: Listener refused the connection with the following error:
ORA-12516, TNS:listener could not find available handler with matching protocol stack
  (CONNECTION_ID=d8HxilZ/Q+qtRIZmgvC4FA==)
	at oracle.jdbc.driver.T4CConnection.handleLogonNetException(T4CConnection.java:902)
	at oracle.jdbc.driver.T4CConnection.logon(T4CConnection.java:707)
	at oracle.jdbc.driver.PhysicalConnection.connect(PhysicalConnection.java:1094)
	at oracle.jdbc.driver.T4CDriverExtension.getConnection(T4CDriverExtension.java:89)
	at oracle.jdbc.driver.OracleDriver.connect(OracleDriver.java:732)
	at oracle.jdbc.driver.OracleDriver.connect(OracleDriver.java:648)
	at com.zaxxer.hikari.util.DriverDataSource.getConnection(DriverDataSource.java:137)
	at com.zaxxer.hikari.pool.PoolBase.newConnection(PoolBase.java:360)
	at com.zaxxer.hikari.pool.PoolBase.newPoolEntry(PoolBase.java:202)
	at com.zaxxer.hikari.pool.HikariPool.createPoolEntry(HikariPool.java:461)
	at com.zaxxer.hikari.pool.HikariPool$PoolEntryCreator.call(HikariPool.java:724)
	at com.zaxxer.hikari.pool.HikariPool$PoolEntryCreator.call(HikariPool.java:703)
	at java.base/java.util.concurrent.FutureTask.run(FutureTask.java:264)
	... 3 common frames omitted
Caused by: oracle.net.ns.NetException: Listener refused the connection with the following error:
ORA-12516, TNS:listener could not find available handler with matching protocol stack
  (CONNECTION_ID=d8HxilZ/Q+qtRIZmgvC4FA==)
	at oracle.net.ns.NSProtocolNIO.createRefusePacketException(NSProtocolNIO.java:824)
	at oracle.net.ns.NSProtocolNIO.handleConnectPacketResponse(NSProtocolNIO.java:396)
	at oracle.net.ns.NSProtocolNIO.negotiateConnection(NSProtocolNIO.java:207)
	at oracle.net.ns.NSProtocol.connect(NSProtocol.java:354)
	at oracle.jdbc.driver.T4CConnection.connect(T4CConnection.java:2627)
	at oracle.jdbc.driver.T4CConnection.logon(T4CConnection.java:666)
	... 14 common frames omitted
2026-07-14 13:15:12.315 [scheduling-1] WARN  org.hibernate.engine.jdbc.spi.SqlExceptionHelper - SQL Error: 0, SQLState: 66000
2026-07-14 13:15:12.315 [scheduling-1] ERROR org.hibernate.engine.jdbc.spi.SqlExceptionHelper - HikariPool-1 - Connection is not available, request timed out after 30010ms (total=0, active=0, idle=0, waiting=0)
2026-07-14 13:15:12.315 [scheduling-1] WARN  org.hibernate.engine.jdbc.spi.SqlExceptionHelper - SQL Error: 12516, SQLState: 66000
2026-07-14 13:15:12.315 [scheduling-1] ERROR org.hibernate.engine.jdbc.spi.SqlExceptionHelper - Listener refused the connection with the following error:
ORA-12516, TNS:listener could not find available handler with matching protocol stack
  (CONNECTION_ID=0FtfcWcgTDGHfu47jmsYdw==)
2026-07-14 13:15:12.315 [scheduling-1] ERROR o.s.s.support.TaskUtils$LoggingErrorHandler - Unexpected error occurred in scheduled task
org.springframework.transaction.CannotCreateTransactionException: Could not open JPA EntityManager for transaction
	at org.springframework.orm.jpa.JpaTransactionManager.doBegin(JpaTransactionManager.java:466)
	at org.springframework.transaction.support.AbstractPlatformTransactionManager.startTransaction(AbstractPlatformTransactionManager.java:532)
	at org.springframework.transaction.support.AbstractPlatformTransactionManager.getTransaction(AbstractPlatformTransactionManager.java:405)
	at org.springframework.transaction.interceptor.TransactionAspectSupport.createTransactionIfNecessary(TransactionAspectSupport.java:604)
	at org.springframework.transaction.interceptor.TransactionAspectSupport.invokeWithinTransaction(TransactionAspectSupport.java:373)
	at org.springframework.transaction.interceptor.TransactionInterceptor.invoke(TransactionInterceptor.java:119)
	at org.springframework.aop.framework.ReflectiveMethodInvocation.proceed(ReflectiveMethodInvocation.java:184)
	at org.springframework.aop.framework.CglibAopProxy$CglibMethodInvocation.proceed(CglibAopProxy.java:768)
	at org.springframework.aop.framework.CglibAopProxy$DynamicAdvisedInterceptor.intercept(CglibAopProxy.java:720)
	at com.banque.msoc.kafka.OcOutboxPublisher$$SpringCGLIB$$0.publishPendingEvents(<generated>)
	at jdk.internal.reflect.GeneratedMethodAccessor37.invoke(Unknown Source)
	at java.base/jdk.internal.reflect.DelegatingMethodAccessorImpl.invoke(DelegatingMethodAccessorImpl.java:43)
	at java.base/java.lang.reflect.Method.invoke(Method.java:569)
	at org.springframework.scheduling.support.ScheduledMethodRunnable.runInternal(ScheduledMethodRunnable.java:130)
	at org.springframework.scheduling.support.ScheduledMethodRunnable.lambda$run$2(ScheduledMethodRunnable.java:124)
	at io.micrometer.observation.Observation.observe(Observation.java:499)
	at org.springframework.scheduling.support.ScheduledMethodRunnable.run(ScheduledMethodRunnable.java:124)
	at org.springframework.scheduling.support.DelegatingErrorHandlingRunnable.run(DelegatingErrorHandlingRunnable.java:54)
	at java.base/java.util.concurrent.Executors$RunnableAdapter.call(Executors.java:539)
	at java.base/java.util.concurrent.FutureTask.runAndReset(FutureTask.java:305)
	at java.base/java.util.concurrent.ScheduledThreadPoolExecutor$ScheduledFutureTask.run(ScheduledThreadPoolExecutor.java:305)
	at java.base/java.util.concurrent.ThreadPoolExecutor.runWorker(ThreadPoolExecutor.java:1136)
	at java.base/java.util.concurrent.ThreadPoolExecutor$Worker.run(ThreadPoolExecutor.java:635)
	at java.base/java.lang.Thread.run(Thread.java:840)
Caused by: org.hibernate.exception.JDBCConnectionException: Unable to acquire JDBC Connection [HikariPool-1 - Connection is not available, request timed out after 30010ms (total=0, active=0, idle=0, waiting=0)] [n/a]
	at org.hibernate.exception.internal.SQLExceptionTypeDelegate.convert(SQLExceptionTypeDelegate.java:51)
	at org.hibernate.exception.internal.StandardSQLExceptionConverter.convert(StandardSQLExceptionConverter.java:58)
	at org.hibernate.engine.jdbc.spi.SqlExceptionHelper.convert(SqlExceptionHelper.java:108)
	at org.hibernate.engine.jdbc.spi.SqlExceptionHelper.convert(SqlExceptionHelper.java:94)
	at org.hibernate.resource.jdbc.internal.LogicalConnectionManagedImpl.acquireConnectionIfNeeded(LogicalConnectionManagedImpl.java:129)
	at org.hibernate.resource.jdbc.internal.LogicalConnectionManagedImpl.getPhysicalConnection(LogicalConnectionManagedImpl.java:156)
	at org.hibernate.resource.jdbc.internal.LogicalConnectionManagedImpl.getConnectionForTransactionManagement(LogicalConnectionManagedImpl.java:286)
	at org.hibernate.resource.jdbc.internal.LogicalConnectionManagedImpl.begin(LogicalConnectionManagedImpl.java:294)
	at org.hibernate.resource.transaction.backend.jdbc.internal.JdbcResourceLocalTransactionCoordinatorImpl$TransactionDriverControlImpl.begin(JdbcResourceLocalTransactionCoordinatorImpl.java:232)
	at org.hibernate.engine.transaction.internal.TransactionImpl.begin(TransactionImpl.java:83)
	at org.springframework.orm.jpa.vendor.HibernateJpaDialect.beginTransaction(HibernateJpaDialect.java:176)
	at org.springframework.orm.jpa.JpaTransactionManager.doBegin(JpaTransactionManager.java:420)
	... 23 common frames omitted
Caused by: java.sql.SQLTransientConnectionException: HikariPool-1 - Connection is not available, request timed out after 30010ms (total=0, active=0, idle=0, waiting=0)
	at com.zaxxer.hikari.pool.HikariPool.createTimeoutException(HikariPool.java:686)
	at com.zaxxer.hikari.pool.HikariPool.getConnection(HikariPool.java:179)
	at com.zaxxer.hikari.pool.HikariPool.getConnection(HikariPool.java:144)
	at com.zaxxer.hikari.HikariDataSource.getConnection(HikariDataSource.java:127)
	at org.hibernate.engine.jdbc.connections.internal.DatasourceConnectionProviderImpl.getConnection(DatasourceConnectionProviderImpl.java:122)
	at org.hibernate.internal.NonContextualJdbcConnectionAccess.obtainConnection(NonContextualJdbcConnectionAccess.java:46)
	at org.hibernate.resource.jdbc.internal.LogicalConnectionManagedImpl.acquireConnectionIfNeeded(LogicalConnectionManagedImpl.java:126)
	... 30 common frames omitted
Caused by: java.sql.SQLException: Listener refused the connection with the following error:
ORA-12516, TNS:listener could not find available handler with matching protocol stack
  (CONNECTION_ID=0FtfcWcgTDGHfu47jmsYdw==)
	at oracle.jdbc.driver.T4CConnection.handleLogonNetException(T4CConnection.java:902)
	at oracle.jdbc.driver.T4CConnection.logon(T4CConnection.java:707)
	at oracle.jdbc.driver.PhysicalConnection.connect(PhysicalConnection.java:1094)
	at oracle.jdbc.driver.T4CDriverExtension.getConnection(T4CDriverExtension.java:89)
	at oracle.jdbc.driver.OracleDriver.connect(OracleDriver.java:732)
	at oracle.jdbc.driver.OracleDriver.connect(OracleDriver.java:648)
	at com.zaxxer.hikari.util.DriverDataSource.getConnection(DriverDataSource.java:137)
	at com.zaxxer.hikari.pool.PoolBase.newConnection(PoolBase.java:360)
	at com.zaxxer.hikari.pool.PoolBase.newPoolEntry(PoolBase.java:202)
	at com.zaxxer.hikari.pool.HikariPool.createPoolEntry(HikariPool.java:461)
	at com.zaxxer.hikari.pool.HikariPool$PoolEntryCreator.call(HikariPool.java:724)
	at com.zaxxer.hikari.pool.HikariPool$PoolEntryCreator.call(HikariPool.java:703)
	at java.base/java.util.concurrent.FutureTask.run(FutureTask.java:264)
	... 3 common frames omitted
Caused by: oracle.net.ns.NetException: Listener refused the connection with the following error:
ORA-12516, TNS:listener could not find available handler with matching protocol stack
  (CONNECTION_ID=0FtfcWcgTDGHfu47jmsYdw==)
	at oracle.net.ns.NSProtocolNIO.createRefusePacketException(NSProtocolNIO.java:824)
	at oracle.net.ns.NSProtocolNIO.handleConnectPacketResponse(NSProtocolNIO.java:396)
	at oracle.net.ns.NSProtocolNIO.negotiateConnection(NSProtocolNIO.java:207)
	at oracle.net.ns.NSProtocol.connect(NSProtocol.java:354)
	at oracle.jdbc.driver.T4CConnection.connect(T4CConnection.java:2627)
	at oracle.jdbc.driver.T4CConnection.logon(T4CConnection.java:666)
	... 14 common frames omitted
2026-07-14 13:33:01.661 [scheduling-1] WARN  com.zaxxer.hikari.pool.PoolBase - HikariPool-1 - Failed to validate connection oracle.jdbc.driver.T4CConnection@6e5e3713 (Erreur d'E/S: Invalid Operation, NOT Connected). Possibly consider using a shorter maxLifetime value.
2026-07-14 13:33:06.806 [scheduling-1] WARN  com.zaxxer.hikari.pool.PoolBase - HikariPool-1 - Failed to validate connection oracle.jdbc.driver.T4CConnection@3697b757 (Erreur d'E/S: Invalid Operation, NOT Connected). Possibly consider using a shorter maxLifetime value.
2026-07-14 13:33:12.123 [scheduling-1] WARN  com.zaxxer.hikari.pool.PoolBase - HikariPool-1 - Failed to validate connection oracle.jdbc.driver.T4CConnection@3ee2ffaa (Connexion interrompue). Possibly consider using a shorter maxLifetime value.
2026-07-14 13:33:17.137 [scheduling-1] WARN  com.zaxxer.hikari.pool.PoolBase - HikariPool-1 - Failed to validate connection oracle.jdbc.driver.T4CConnection@4dcc1747 (Erreur d'E/S: Invalid Operation, NOT Connected). Possibly consider using a shorter maxLifetime value.
2026-07-14 13:33:22.151 [scheduling-1] WARN  com.zaxxer.hikari.pool.PoolBase - HikariPool-1 - Failed to validate connection oracle.jdbc.driver.T4CConnection@3a0bb385 (Connexion interrompue). Possibly consider using a shorter maxLifetime value.
2026-07-14 13:33:27.163 [scheduling-1] WARN  com.zaxxer.hikari.pool.PoolBase - HikariPool-1 - Failed to validate connection oracle.jdbc.driver.T4CConnection@c341f0 (Connexion interrompue). Possibly consider using a shorter maxLifetime value.
2026-07-14 13:33:27.163 [scheduling-1] WARN  org.hibernate.engine.jdbc.spi.SqlExceptionHelper - SQL Error: 0, SQLState: 08003
2026-07-14 13:33:27.186 [scheduling-1] ERROR org.hibernate.engine.jdbc.spi.SqlExceptionHelper - HikariPool-1 - Connection is not available, request timed out after 30508ms (total=4, active=0, idle=4, waiting=0)
2026-07-14 13:33:27.186 [scheduling-1] WARN  org.hibernate.engine.jdbc.spi.SqlExceptionHelper - SQL Error: 17008, SQLState: 08003
2026-07-14 13:33:27.186 [scheduling-1] ERROR org.hibernate.engine.jdbc.spi.SqlExceptionHelper - Connexion interrompue
2026-07-14 13:33:27.189 [scheduling-1] ERROR o.s.s.support.TaskUtils$LoggingErrorHandler - Unexpected error occurred in scheduled task
org.springframework.transaction.CannotCreateTransactionException: Could not open JPA EntityManager for transaction
	at org.springframework.orm.jpa.JpaTransactionManager.doBegin(JpaTransactionManager.java:466)
	at org.springframework.transaction.support.AbstractPlatformTransactionManager.startTransaction(AbstractPlatformTransactionManager.java:532)
	at org.springframework.transaction.support.AbstractPlatformTransactionManager.getTransaction(AbstractPlatformTransactionManager.java:405)
	at org.springframework.transaction.interceptor.TransactionAspectSupport.createTransactionIfNecessary(TransactionAspectSupport.java:604)
	at org.springframework.transaction.interceptor.TransactionAspectSupport.invokeWithinTransaction(TransactionAspectSupport.java:373)
	at org.springframework.transaction.interceptor.TransactionInterceptor.invoke(TransactionInterceptor.java:119)
	at org.springframework.aop.framework.ReflectiveMethodInvocation.proceed(ReflectiveMethodInvocation.java:184)
	at org.springframework.aop.framework.CglibAopProxy$CglibMethodInvocation.proceed(CglibAopProxy.java:768)
	at org.springframework.aop.framework.CglibAopProxy$DynamicAdvisedInterceptor.intercept(CglibAopProxy.java:720)
	at com.banque.msoc.kafka.OcOutboxPublisher$$SpringCGLIB$$0.publishPendingEvents(<generated>)
	at jdk.internal.reflect.GeneratedMethodAccessor37.invoke(Unknown Source)
	at java.base/jdk.internal.reflect.DelegatingMethodAccessorImpl.invoke(DelegatingMethodAccessorImpl.java:43)
	at java.base/java.lang.reflect.Method.invoke(Method.java:569)
	at org.springframework.scheduling.support.ScheduledMethodRunnable.runInternal(ScheduledMethodRunnable.java:130)
	at org.springframework.scheduling.support.ScheduledMethodRunnable.lambda$run$2(ScheduledMethodRunnable.java:124)
	at io.micrometer.observation.Observation.observe(Observation.java:499)
	at org.springframework.scheduling.support.ScheduledMethodRunnable.run(ScheduledMethodRunnable.java:124)
	at org.springframework.scheduling.support.DelegatingErrorHandlingRunnable.run(DelegatingErrorHandlingRunnable.java:54)
	at java.base/java.util.concurrent.Executors$RunnableAdapter.call(Executors.java:539)
	at java.base/java.util.concurrent.FutureTask.runAndReset(FutureTask.java:305)
	at java.base/java.util.concurrent.ScheduledThreadPoolExecutor$ScheduledFutureTask.run(ScheduledThreadPoolExecutor.java:305)
	at java.base/java.util.concurrent.ThreadPoolExecutor.runWorker(ThreadPoolExecutor.java:1136)
	at java.base/java.util.concurrent.ThreadPoolExecutor$Worker.run(ThreadPoolExecutor.java:635)
	at java.base/java.lang.Thread.run(Thread.java:840)
Caused by: org.hibernate.exception.JDBCConnectionException: Unable to acquire JDBC Connection [HikariPool-1 - Connection is not available, request timed out after 30508ms (total=4, active=0, idle=4, waiting=0)] [n/a]
	at org.hibernate.exception.internal.SQLExceptionTypeDelegate.convert(SQLExceptionTypeDelegate.java:51)
	at org.hibernate.exception.internal.StandardSQLExceptionConverter.convert(StandardSQLExceptionConverter.java:58)
	at org.hibernate.engine.jdbc.spi.SqlExceptionHelper.convert(SqlExceptionHelper.java:108)
	at org.hibernate.engine.jdbc.spi.SqlExceptionHelper.convert(SqlExceptionHelper.java:94)
	at org.hibernate.resource.jdbc.internal.LogicalConnectionManagedImpl.acquireConnectionIfNeeded(LogicalConnectionManagedImpl.java:129)
	at org.hibernate.resource.jdbc.internal.LogicalConnectionManagedImpl.getPhysicalConnection(LogicalConnectionManagedImpl.java:156)
	at org.hibernate.resource.jdbc.internal.LogicalConnectionManagedImpl.getConnectionForTransactionManagement(LogicalConnectionManagedImpl.java:286)
	at org.hibernate.resource.jdbc.internal.LogicalConnectionManagedImpl.begin(LogicalConnectionManagedImpl.java:294)
	at org.hibernate.resource.transaction.backend.jdbc.internal.JdbcResourceLocalTransactionCoordinatorImpl$TransactionDriverControlImpl.begin(JdbcResourceLocalTransactionCoordinatorImpl.java:232)
	at org.hibernate.engine.transaction.internal.TransactionImpl.begin(TransactionImpl.java:83)
	at org.springframework.orm.jpa.vendor.HibernateJpaDialect.beginTransaction(HibernateJpaDialect.java:176)
	at org.springframework.orm.jpa.JpaTransactionManager.doBegin(JpaTransactionManager.java:420)
	... 23 common frames omitted
Caused by: java.sql.SQLTransientConnectionException: HikariPool-1 - Connection is not available, request timed out after 30508ms (total=4, active=0, idle=4, waiting=0)
	at com.zaxxer.hikari.pool.HikariPool.createTimeoutException(HikariPool.java:686)
	at com.zaxxer.hikari.pool.HikariPool.getConnection(HikariPool.java:179)
	at com.zaxxer.hikari.pool.HikariPool.getConnection(HikariPool.java:144)
	at com.zaxxer.hikari.HikariDataSource.getConnection(HikariDataSource.java:127)
	at org.hibernate.engine.jdbc.connections.internal.DatasourceConnectionProviderImpl.getConnection(DatasourceConnectionProviderImpl.java:122)
	at org.hibernate.internal.NonContextualJdbcConnectionAccess.obtainConnection(NonContextualJdbcConnectionAccess.java:46)
	at org.hibernate.resource.jdbc.internal.LogicalConnectionManagedImpl.acquireConnectionIfNeeded(LogicalConnectionManagedImpl.java:126)
	... 30 common frames omitted
Caused by: java.sql.SQLRecoverableException: Connexion interrompue
	at oracle.jdbc.driver.T4CConnection.doSetNetworkTimeout(T4CConnection.java:10144)
	at oracle.jdbc.driver.PhysicalConnection.setNetworkTimeout(PhysicalConnection.java:10245)
	at com.zaxxer.hikari.pool.PoolBase.setNetworkTimeout(PoolBase.java:562)
	at com.zaxxer.hikari.pool.PoolBase.isConnectionDead(PoolBase.java:169)
	at com.zaxxer.hikari.pool.HikariPool.getConnection(HikariPool.java:168)
	... 35 common frames omitted
2026-07-14 13:33:37.204 [scheduling-1] WARN  com.zaxxer.hikari.pool.PoolBase - HikariPool-1 - Failed to validate connection oracle.jdbc.driver.T4CConnection@22a9eebe (Erreur d'E/S: Invalid Operation, NOT Connected). Possibly consider using a shorter maxLifetime value.
2026-07-14 13:33:42.219 [scheduling-1] WARN  com.zaxxer.hikari.pool.PoolBase - HikariPool-1 - Failed to validate connection oracle.jdbc.driver.T4CConnection@6f0ec0ea (Erreur d'E/S: Invalid Operation, NOT Connected). Possibly consider using a shorter maxLifetime value.
2026-07-14 13:33:47.235 [scheduling-1] WARN  com.zaxxer.hikari.pool.PoolBase - HikariPool-1 - Failed to validate connection oracle.jdbc.driver.T4CConnection@49d49f93 (Erreur d'E/S: Invalid Operation, NOT Connected). Possibly consider using a shorter maxLifetime value.
2026-07-14 13:33:52.243 [scheduling-1] WARN  com.zaxxer.hikari.pool.PoolBase - HikariPool-1 - Failed to validate connection oracle.jdbc.driver.T4CConnection@3526420a (Erreur d'E/S: Invalid Operation, NOT Connected). Possibly consider using a shorter maxLifetime value.
2026-07-14 13:34:02.202 [scheduling-1] WARN  org.hibernate.engine.jdbc.spi.SqlExceptionHelper - SQL Error: 0, SQLState: 08006
2026-07-14 13:34:02.204 [scheduling-1] ERROR org.hibernate.engine.jdbc.spi.SqlExceptionHelper - HikariPool-1 - Connection is not available, request timed out after 30002ms (total=0, active=0, idle=0, waiting=0)
2026-07-14 13:34:02.204 [scheduling-1] WARN  org.hibernate.engine.jdbc.spi.SqlExceptionHelper - SQL Error: 17002, SQLState: 08006
2026-07-14 13:34:02.204 [scheduling-1] ERROR org.hibernate.engine.jdbc.spi.SqlExceptionHelper - Erreur d'E/S: The Network Adapter could not establish the connection (CONNECTION_ID=TEH4Y7g6SDySQNwkfLnm/A==)
2026-07-14 13:34:02.206 [scheduling-1] ERROR o.s.s.support.TaskUtils$LoggingErrorHandler - Unexpected error occurred in scheduled task
org.springframework.transaction.CannotCreateTransactionException: Could not open JPA EntityManager for transaction
	at org.springframework.orm.jpa.JpaTransactionManager.doBegin(JpaTransactionManager.java:466)
	at org.springframework.transaction.support.AbstractPlatformTransactionManager.startTransaction(AbstractPlatformTransactionManager.java:532)
	at org.springframework.transaction.support.AbstractPlatformTransactionManager.getTransaction(AbstractPlatformTransactionManager.java:405)
	at org.springframework.transaction.interceptor.TransactionAspectSupport.createTransactionIfNecessary(TransactionAspectSupport.java:604)
	at org.springframework.transaction.interceptor.TransactionAspectSupport.invokeWithinTransaction(TransactionAspectSupport.java:373)
	at org.springframework.transaction.interceptor.TransactionInterceptor.invoke(TransactionInterceptor.java:119)
	at org.springframework.aop.framework.ReflectiveMethodInvocation.proceed(ReflectiveMethodInvocation.java:184)
	at org.springframework.aop.framework.CglibAopProxy$CglibMethodInvocation.proceed(CglibAopProxy.java:768)
	at org.springframework.aop.framework.CglibAopProxy$DynamicAdvisedInterceptor.intercept(CglibAopProxy.java:720)
	at com.banque.msoc.kafka.OcOutboxPublisher$$SpringCGLIB$$0.publishPendingEvents(<generated>)
	at jdk.internal.reflect.GeneratedMethodAccessor37.invoke(Unknown Source)
	at java.base/jdk.internal.reflect.DelegatingMethodAccessorImpl.invoke(DelegatingMethodAccessorImpl.java:43)
	at java.base/java.lang.reflect.Method.invoke(Method.java:569)
	at org.springframework.scheduling.support.ScheduledMethodRunnable.runInternal(ScheduledMethodRunnable.java:130)
	at org.springframework.scheduling.support.ScheduledMethodRunnable.lambda$run$2(ScheduledMethodRunnable.java:124)
	at io.micrometer.observation.Observation.observe(Observation.java:499)
	at org.springframework.scheduling.support.ScheduledMethodRunnable.run(ScheduledMethodRunnable.java:124)
	at org.springframework.scheduling.support.DelegatingErrorHandlingRunnable.run(DelegatingErrorHandlingRunnable.java:54)
	at java.base/java.util.concurrent.Executors$RunnableAdapter.call(Executors.java:539)
	at java.base/java.util.concurrent.FutureTask.runAndReset(FutureTask.java:305)
	at java.base/java.util.concurrent.ScheduledThreadPoolExecutor$ScheduledFutureTask.run(ScheduledThreadPoolExecutor.java:305)
	at java.base/java.util.concurrent.ThreadPoolExecutor.runWorker(ThreadPoolExecutor.java:1136)
	at java.base/java.util.concurrent.ThreadPoolExecutor$Worker.run(ThreadPoolExecutor.java:635)
	at java.base/java.lang.Thread.run(Thread.java:840)
Caused by: org.hibernate.exception.JDBCConnectionException: Unable to acquire JDBC Connection [HikariPool-1 - Connection is not available, request timed out after 30002ms (total=0, active=0, idle=0, waiting=0)] [n/a]
	at org.hibernate.exception.internal.SQLExceptionTypeDelegate.convert(SQLExceptionTypeDelegate.java:51)
	at org.hibernate.exception.internal.StandardSQLExceptionConverter.convert(StandardSQLExceptionConverter.java:58)
	at org.hibernate.engine.jdbc.spi.SqlExceptionHelper.convert(SqlExceptionHelper.java:108)
	at org.hibernate.engine.jdbc.spi.SqlExceptionHelper.convert(SqlExceptionHelper.java:94)
	at org.hibernate.resource.jdbc.internal.LogicalConnectionManagedImpl.acquireConnectionIfNeeded(LogicalConnectionManagedImpl.java:129)
	at org.hibernate.resource.jdbc.internal.LogicalConnectionManagedImpl.getPhysicalConnection(LogicalConnectionManagedImpl.java:156)
	at org.hibernate.resource.jdbc.internal.LogicalConnectionManagedImpl.getConnectionForTransactionManagement(LogicalConnectionManagedImpl.java:286)
	at org.hibernate.resource.jdbc.internal.LogicalConnectionManagedImpl.begin(LogicalConnectionManagedImpl.java:294)
	at org.hibernate.resource.transaction.backend.jdbc.internal.JdbcResourceLocalTransactionCoordinatorImpl$TransactionDriverControlImpl.begin(JdbcResourceLocalTransactionCoordinatorImpl.java:232)
	at org.hibernate.engine.transaction.internal.TransactionImpl.begin(TransactionImpl.java:83)
	at org.springframework.orm.jpa.vendor.HibernateJpaDialect.beginTransaction(HibernateJpaDialect.java:176)
	at org.springframework.orm.jpa.JpaTransactionManager.doBegin(JpaTransactionManager.java:420)
	... 23 common frames omitted
Caused by: java.sql.SQLTransientConnectionException: HikariPool-1 - Connection is not available, request timed out after 30002ms (total=0, active=0, idle=0, waiting=0)
	at com.zaxxer.hikari.pool.HikariPool.createTimeoutException(HikariPool.java:686)
	at com.zaxxer.hikari.pool.HikariPool.getConnection(HikariPool.java:179)
	at com.zaxxer.hikari.pool.HikariPool.getConnection(HikariPool.java:144)
	at com.zaxxer.hikari.HikariDataSource.getConnection(HikariDataSource.java:127)
	at org.hibernate.engine.jdbc.connections.internal.DatasourceConnectionProviderImpl.getConnection(DatasourceConnectionProviderImpl.java:122)
	at org.hibernate.internal.NonContextualJdbcConnectionAccess.obtainConnection(NonContextualJdbcConnectionAccess.java:46)
	at org.hibernate.resource.jdbc.internal.LogicalConnectionManagedImpl.acquireConnectionIfNeeded(LogicalConnectionManagedImpl.java:126)
	... 30 common frames omitted
Caused by: java.sql.SQLRecoverableException: Erreur d'E/S: The Network Adapter could not establish the connection (CONNECTION_ID=TEH4Y7g6SDySQNwkfLnm/A==)
	at oracle.jdbc.driver.T4CConnection.handleLogonNetException(T4CConnection.java:902)
	at oracle.jdbc.driver.T4CConnection.logon(T4CConnection.java:707)
	at oracle.jdbc.driver.PhysicalConnection.connect(PhysicalConnection.java:1094)
	at oracle.jdbc.driver.T4CDriverExtension.getConnection(T4CDriverExtension.java:89)
	at oracle.jdbc.driver.OracleDriver.connect(OracleDriver.java:732)
	at oracle.jdbc.driver.OracleDriver.connect(OracleDriver.java:648)
	at com.zaxxer.hikari.util.DriverDataSource.getConnection(DriverDataSource.java:137)
	at com.zaxxer.hikari.pool.PoolBase.newConnection(PoolBase.java:360)
	at com.zaxxer.hikari.pool.PoolBase.newPoolEntry(PoolBase.java:202)
	at com.zaxxer.hikari.pool.HikariPool.createPoolEntry(HikariPool.java:461)
	at com.zaxxer.hikari.pool.HikariPool$PoolEntryCreator.call(HikariPool.java:724)
	at com.zaxxer.hikari.pool.HikariPool$PoolEntryCreator.call(HikariPool.java:703)
	at java.base/java.util.concurrent.FutureTask.run(FutureTask.java:264)
	... 3 common frames omitted
Caused by: oracle.net.ns.NetException: The Network Adapter could not establish the connection (CONNECTION_ID=TEH4Y7g6SDySQNwkfLnm/A==)
	at oracle.net.nt.ConnStrategy.execute(ConnStrategy.java:715)
	at oracle.net.resolver.AddrResolution.resolveAndExecute(AddrResolution.java:584)
	at oracle.net.ns.NSProtocol.establishConnection(NSProtocol.java:964)
	at oracle.net.ns.NSProtocol.connect(NSProtocol.java:350)
	at oracle.jdbc.driver.T4CConnection.connect(T4CConnection.java:2627)
	at oracle.jdbc.driver.T4CConnection.logon(T4CConnection.java:666)
	... 14 common frames omitted
Caused by: java.io.IOException: No route to host: connect, socket connect lapse 0 ms. 37.187.250.163 1521  30000 (1/1) true
	at oracle.net.nt.TcpNTAdapter.establishSocket(TcpNTAdapter.java:425)
	at oracle.net.nt.TcpNTAdapter.doLocalDNSLookupConnect(TcpNTAdapter.java:307)
	at oracle.net.nt.TcpNTAdapter.connect(TcpNTAdapter.java:269)
	at oracle.net.nt.ConnOption.connect(ConnOption.java:230)
	at oracle.net.nt.ConnStrategy.executeConnOption(ConnStrategy.java:1014)
	at oracle.net.nt.ConnStrategy.execute(ConnStrategy.java:673)
	... 19 common frames omitted
Caused by: java.net.NoRouteToHostException: No route to host: connect
	at java.base/sun.nio.ch.Net.connect0(Native Method)
	at java.base/sun.nio.ch.Net.connect(Net.java:591)
	at java.base/sun.nio.ch.Net.connect(Net.java:598)
	at java.base/sun.nio.ch.SocketChannelImpl.connect(SocketChannelImpl.java:853)
	at java.base/java.nio.channels.SocketChannel.open(SocketChannel.java:285)
	at oracle.net.nt.TimeoutSocketChannel.connect(TimeoutSocketChannel.java:183)
	at oracle.net.nt.TimeoutSocketChannel.<init>(TimeoutSocketChannel.java:157)
	at oracle.net.nt.TcpNTAdapter.establishSocket(TcpNTAdapter.java:384)
	... 24 common frames omitted
2026-07-14 13:34:37.221 [scheduling-1] WARN  org.hibernate.engine.jdbc.spi.SqlExceptionHelper - SQL Error: 0, SQLState: 66000
2026-07-14 13:34:37.221 [scheduling-1] ERROR org.hibernate.engine.jdbc.spi.SqlExceptionHelper - HikariPool-1 - Connection is not available, request timed out after 30009ms (total=0, active=0, idle=0, waiting=0)
2026-07-14 13:34:37.221 [scheduling-1] WARN  org.hibernate.engine.jdbc.spi.SqlExceptionHelper - SQL Error: 12516, SQLState: 66000
2026-07-14 13:34:37.221 [scheduling-1] ERROR org.hibernate.engine.jdbc.spi.SqlExceptionHelper - Listener refused the connection with the following error:
ORA-12516, TNS:listener could not find available handler with matching protocol stack
  (CONNECTION_ID=LF5Ev+6vQ7GKfuEDD8JOgw==)
2026-07-14 13:34:37.221 [scheduling-1] ERROR o.s.s.support.TaskUtils$LoggingErrorHandler - Unexpected error occurred in scheduled task
org.springframework.transaction.CannotCreateTransactionException: Could not open JPA EntityManager for transaction
	at org.springframework.orm.jpa.JpaTransactionManager.doBegin(JpaTransactionManager.java:466)
	at org.springframework.transaction.support.AbstractPlatformTransactionManager.startTransaction(AbstractPlatformTransactionManager.java:532)
	at org.springframework.transaction.support.AbstractPlatformTransactionManager.getTransaction(AbstractPlatformTransactionManager.java:405)
	at org.springframework.transaction.interceptor.TransactionAspectSupport.createTransactionIfNecessary(TransactionAspectSupport.java:604)
	at org.springframework.transaction.interceptor.TransactionAspectSupport.invokeWithinTransaction(TransactionAspectSupport.java:373)
	at org.springframework.transaction.interceptor.TransactionInterceptor.invoke(TransactionInterceptor.java:119)
	at org.springframework.aop.framework.ReflectiveMethodInvocation.proceed(ReflectiveMethodInvocation.java:184)
	at org.springframework.aop.framework.CglibAopProxy$CglibMethodInvocation.proceed(CglibAopProxy.java:768)
	at org.springframework.aop.framework.CglibAopProxy$DynamicAdvisedInterceptor.intercept(CglibAopProxy.java:720)
	at com.banque.msoc.kafka.OcOutboxPublisher$$SpringCGLIB$$0.publishPendingEvents(<generated>)
	at jdk.internal.reflect.GeneratedMethodAccessor37.invoke(Unknown Source)
	at java.base/jdk.internal.reflect.DelegatingMethodAccessorImpl.invoke(DelegatingMethodAccessorImpl.java:43)
	at java.base/java.lang.reflect.Method.invoke(Method.java:569)
	at org.springframework.scheduling.support.ScheduledMethodRunnable.runInternal(ScheduledMethodRunnable.java:130)
	at org.springframework.scheduling.support.ScheduledMethodRunnable.lambda$run$2(ScheduledMethodRunnable.java:124)
	at io.micrometer.observation.Observation.observe(Observation.java:499)
	at org.springframework.scheduling.support.ScheduledMethodRunnable.run(ScheduledMethodRunnable.java:124)
	at org.springframework.scheduling.support.DelegatingErrorHandlingRunnable.run(DelegatingErrorHandlingRunnable.java:54)
	at java.base/java.util.concurrent.Executors$RunnableAdapter.call(Executors.java:539)
	at java.base/java.util.concurrent.FutureTask.runAndReset(FutureTask.java:305)
	at java.base/java.util.concurrent.ScheduledThreadPoolExecutor$ScheduledFutureTask.run(ScheduledThreadPoolExecutor.java:305)
	at java.base/java.util.concurrent.ThreadPoolExecutor.runWorker(ThreadPoolExecutor.java:1136)
	at java.base/java.util.concurrent.ThreadPoolExecutor$Worker.run(ThreadPoolExecutor.java:635)
	at java.base/java.lang.Thread.run(Thread.java:840)
Caused by: org.hibernate.exception.JDBCConnectionException: Unable to acquire JDBC Connection [HikariPool-1 - Connection is not available, request timed out after 30009ms (total=0, active=0, idle=0, waiting=0)] [n/a]
	at org.hibernate.exception.internal.SQLExceptionTypeDelegate.convert(SQLExceptionTypeDelegate.java:51)
	at org.hibernate.exception.internal.StandardSQLExceptionConverter.convert(StandardSQLExceptionConverter.java:58)
	at org.hibernate.engine.jdbc.spi.SqlExceptionHelper.convert(SqlExceptionHelper.java:108)
	at org.hibernate.engine.jdbc.spi.SqlExceptionHelper.convert(SqlExceptionHelper.java:94)
	at org.hibernate.resource.jdbc.internal.LogicalConnectionManagedImpl.acquireConnectionIfNeeded(LogicalConnectionManagedImpl.java:129)
	at org.hibernate.resource.jdbc.internal.LogicalConnectionManagedImpl.getPhysicalConnection(LogicalConnectionManagedImpl.java:156)
	at org.hibernate.resource.jdbc.internal.LogicalConnectionManagedImpl.getConnectionForTransactionManagement(LogicalConnectionManagedImpl.java:286)
	at org.hibernate.resource.jdbc.internal.LogicalConnectionManagedImpl.begin(LogicalConnectionManagedImpl.java:294)
	at org.hibernate.resource.transaction.backend.jdbc.internal.JdbcResourceLocalTransactionCoordinatorImpl$TransactionDriverControlImpl.begin(JdbcResourceLocalTransactionCoordinatorImpl.java:232)
	at org.hibernate.engine.transaction.internal.TransactionImpl.begin(TransactionImpl.java:83)
	at org.springframework.orm.jpa.vendor.HibernateJpaDialect.beginTransaction(HibernateJpaDialect.java:176)
	at org.springframework.orm.jpa.JpaTransactionManager.doBegin(JpaTransactionManager.java:420)
	... 23 common frames omitted
Caused by: java.sql.SQLTransientConnectionException: HikariPool-1 - Connection is not available, request timed out after 30009ms (total=0, active=0, idle=0, waiting=0)
	at com.zaxxer.hikari.pool.HikariPool.createTimeoutException(HikariPool.java:686)
	at com.zaxxer.hikari.pool.HikariPool.getConnection(HikariPool.java:179)
	at com.zaxxer.hikari.pool.HikariPool.getConnection(HikariPool.java:144)
	at com.zaxxer.hikari.HikariDataSource.getConnection(HikariDataSource.java:127)
	at org.hibernate.engine.jdbc.connections.internal.DatasourceConnectionProviderImpl.getConnection(DatasourceConnectionProviderImpl.java:122)
	at org.hibernate.internal.NonContextualJdbcConnectionAccess.obtainConnection(NonContextualJdbcConnectionAccess.java:46)
	at org.hibernate.resource.jdbc.internal.LogicalConnectionManagedImpl.acquireConnectionIfNeeded(LogicalConnectionManagedImpl.java:126)
	... 30 common frames omitted
Caused by: java.sql.SQLException: Listener refused the connection with the following error:
ORA-12516, TNS:listener could not find available handler with matching protocol stack
  (CONNECTION_ID=LF5Ev+6vQ7GKfuEDD8JOgw==)
	at oracle.jdbc.driver.T4CConnection.handleLogonNetException(T4CConnection.java:902)
	at oracle.jdbc.driver.T4CConnection.logon(T4CConnection.java:707)
	at oracle.jdbc.driver.PhysicalConnection.connect(PhysicalConnection.java:1094)
	at oracle.jdbc.driver.T4CDriverExtension.getConnection(T4CDriverExtension.java:89)
	at oracle.jdbc.driver.OracleDriver.connect(OracleDriver.java:732)
	at oracle.jdbc.driver.OracleDriver.connect(OracleDriver.java:648)
	at com.zaxxer.hikari.util.DriverDataSource.getConnection(DriverDataSource.java:137)
	at com.zaxxer.hikari.pool.PoolBase.newConnection(PoolBase.java:360)
	at com.zaxxer.hikari.pool.PoolBase.newPoolEntry(PoolBase.java:202)
	at com.zaxxer.hikari.pool.HikariPool.createPoolEntry(HikariPool.java:461)
	at com.zaxxer.hikari.pool.HikariPool$PoolEntryCreator.call(HikariPool.java:724)
	at com.zaxxer.hikari.pool.HikariPool$PoolEntryCreator.call(HikariPool.java:703)
	at java.base/java.util.concurrent.FutureTask.run(FutureTask.java:264)
	... 3 common frames omitted
Caused by: oracle.net.ns.NetException: Listener refused the connection with the following error:
ORA-12516, TNS:listener could not find available handler with matching protocol stack
  (CONNECTION_ID=LF5Ev+6vQ7GKfuEDD8JOgw==)
	at oracle.net.ns.NSProtocolNIO.createRefusePacketException(NSProtocolNIO.java:824)
	at oracle.net.ns.NSProtocolNIO.handleConnectPacketResponse(NSProtocolNIO.java:396)
	at oracle.net.ns.NSProtocolNIO.negotiateConnection(NSProtocolNIO.java:207)
	at oracle.net.ns.NSProtocol.connect(NSProtocol.java:354)
	at oracle.jdbc.driver.T4CConnection.connect(T4CConnection.java:2627)
	at oracle.jdbc.driver.T4CConnection.logon(T4CConnection.java:666)
	... 14 common frames omitted
2026-07-14 13:35:12.244 [scheduling-1] WARN  org.hibernate.engine.jdbc.spi.SqlExceptionHelper - SQL Error: 0, SQLState: 66000
2026-07-14 13:35:12.244 [scheduling-1] ERROR org.hibernate.engine.jdbc.spi.SqlExceptionHelper - HikariPool-1 - Connection is not available, request timed out after 30012ms (total=0, active=0, idle=0, waiting=0)
2026-07-14 13:35:12.244 [scheduling-1] WARN  org.hibernate.engine.jdbc.spi.SqlExceptionHelper - SQL Error: 12516, SQLState: 66000
2026-07-14 13:35:12.244 [scheduling-1] ERROR org.hibernate.engine.jdbc.spi.SqlExceptionHelper - Listener refused the connection with the following error:
ORA-12516, TNS:listener could not find available handler with matching protocol stack
  (CONNECTION_ID=JK9rMx0jQNGi7stNcRoCNQ==)
2026-07-14 13:35:12.244 [scheduling-1] ERROR o.s.s.support.TaskUtils$LoggingErrorHandler - Unexpected error occurred in scheduled task
org.springframework.transaction.CannotCreateTransactionException: Could not open JPA EntityManager for transaction
	at org.springframework.orm.jpa.JpaTransactionManager.doBegin(JpaTransactionManager.java:466)
	at org.springframework.transaction.support.AbstractPlatformTransactionManager.startTransaction(AbstractPlatformTransactionManager.java:532)
	at org.springframework.transaction.support.AbstractPlatformTransactionManager.getTransaction(AbstractPlatformTransactionManager.java:405)
	at org.springframework.transaction.interceptor.TransactionAspectSupport.createTransactionIfNecessary(TransactionAspectSupport.java:604)
	at org.springframework.transaction.interceptor.TransactionAspectSupport.invokeWithinTransaction(TransactionAspectSupport.java:373)
	at org.springframework.transaction.interceptor.TransactionInterceptor.invoke(TransactionInterceptor.java:119)
	at org.springframework.aop.framework.ReflectiveMethodInvocation.proceed(ReflectiveMethodInvocation.java:184)
	at org.springframework.aop.framework.CglibAopProxy$CglibMethodInvocation.proceed(CglibAopProxy.java:768)
	at org.springframework.aop.framework.CglibAopProxy$DynamicAdvisedInterceptor.intercept(CglibAopProxy.java:720)
	at com.banque.msoc.kafka.OcOutboxPublisher$$SpringCGLIB$$0.publishPendingEvents(<generated>)
	at jdk.internal.reflect.GeneratedMethodAccessor37.invoke(Unknown Source)
	at java.base/jdk.internal.reflect.DelegatingMethodAccessorImpl.invoke(DelegatingMethodAccessorImpl.java:43)
	at java.base/java.lang.reflect.Method.invoke(Method.java:569)
	at org.springframework.scheduling.support.ScheduledMethodRunnable.runInternal(ScheduledMethodRunnable.java:130)
	at org.springframework.scheduling.support.ScheduledMethodRunnable.lambda$run$2(ScheduledMethodRunnable.java:124)
	at io.micrometer.observation.Observation.observe(Observation.java:499)
	at org.springframework.scheduling.support.ScheduledMethodRunnable.run(ScheduledMethodRunnable.java:124)
	at org.springframework.scheduling.support.DelegatingErrorHandlingRunnable.run(DelegatingErrorHandlingRunnable.java:54)
	at java.base/java.util.concurrent.Executors$RunnableAdapter.call(Executors.java:539)
	at java.base/java.util.concurrent.FutureTask.runAndReset(FutureTask.java:305)
	at java.base/java.util.concurrent.ScheduledThreadPoolExecutor$ScheduledFutureTask.run(ScheduledThreadPoolExecutor.java:305)
	at java.base/java.util.concurrent.ThreadPoolExecutor.runWorker(ThreadPoolExecutor.java:1136)
	at java.base/java.util.concurrent.ThreadPoolExecutor$Worker.run(ThreadPoolExecutor.java:635)
	at java.base/java.lang.Thread.run(Thread.java:840)
Caused by: org.hibernate.exception.JDBCConnectionException: Unable to acquire JDBC Connection [HikariPool-1 - Connection is not available, request timed out after 30012ms (total=0, active=0, idle=0, waiting=0)] [n/a]
	at org.hibernate.exception.internal.SQLExceptionTypeDelegate.convert(SQLExceptionTypeDelegate.java:51)
	at org.hibernate.exception.internal.StandardSQLExceptionConverter.convert(StandardSQLExceptionConverter.java:58)
	at org.hibernate.engine.jdbc.spi.SqlExceptionHelper.convert(SqlExceptionHelper.java:108)
	at org.hibernate.engine.jdbc.spi.SqlExceptionHelper.convert(SqlExceptionHelper.java:94)
	at org.hibernate.resource.jdbc.internal.LogicalConnectionManagedImpl.acquireConnectionIfNeeded(LogicalConnectionManagedImpl.java:129)
	at org.hibernate.resource.jdbc.internal.LogicalConnectionManagedImpl.getPhysicalConnection(LogicalConnectionManagedImpl.java:156)
	at org.hibernate.resource.jdbc.internal.LogicalConnectionManagedImpl.getConnectionForTransactionManagement(LogicalConnectionManagedImpl.java:286)
	at org.hibernate.resource.jdbc.internal.LogicalConnectionManagedImpl.begin(LogicalConnectionManagedImpl.java:294)
	at org.hibernate.resource.transaction.backend.jdbc.internal.JdbcResourceLocalTransactionCoordinatorImpl$TransactionDriverControlImpl.begin(JdbcResourceLocalTransactionCoordinatorImpl.java:232)
	at org.hibernate.engine.transaction.internal.TransactionImpl.begin(TransactionImpl.java:83)
	at org.springframework.orm.jpa.vendor.HibernateJpaDialect.beginTransaction(HibernateJpaDialect.java:176)
	at org.springframework.orm.jpa.JpaTransactionManager.doBegin(JpaTransactionManager.java:420)
	... 23 common frames omitted
Caused by: java.sql.SQLTransientConnectionException: HikariPool-1 - Connection is not available, request timed out after 30012ms (total=0, active=0, idle=0, waiting=0)
	at com.zaxxer.hikari.pool.HikariPool.createTimeoutException(HikariPool.java:686)
	at com.zaxxer.hikari.pool.HikariPool.getConnection(HikariPool.java:179)
	at com.zaxxer.hikari.pool.HikariPool.getConnection(HikariPool.java:144)
	at com.zaxxer.hikari.HikariDataSource.getConnection(HikariDataSource.java:127)
	at org.hibernate.engine.jdbc.connections.internal.DatasourceConnectionProviderImpl.getConnection(DatasourceConnectionProviderImpl.java:122)
	at org.hibernate.internal.NonContextualJdbcConnectionAccess.obtainConnection(NonContextualJdbcConnectionAccess.java:46)
	at org.hibernate.resource.jdbc.internal.LogicalConnectionManagedImpl.acquireConnectionIfNeeded(LogicalConnectionManagedImpl.java:126)
	... 30 common frames omitted
Caused by: java.sql.SQLException: Listener refused the connection with the following error:
ORA-12516, TNS:listener could not find available handler with matching protocol stack
  (CONNECTION_ID=JK9rMx0jQNGi7stNcRoCNQ==)
	at oracle.jdbc.driver.T4CConnection.handleLogonNetException(T4CConnection.java:902)
	at oracle.jdbc.driver.T4CConnection.logon(T4CConnection.java:707)
	at oracle.jdbc.driver.PhysicalConnection.connect(PhysicalConnection.java:1094)
	at oracle.jdbc.driver.T4CDriverExtension.getConnection(T4CDriverExtension.java:89)
	at oracle.jdbc.driver.OracleDriver.connect(OracleDriver.java:732)
	at oracle.jdbc.driver.OracleDriver.connect(OracleDriver.java:648)
	at com.zaxxer.hikari.util.DriverDataSource.getConnection(DriverDataSource.java:137)
	at com.zaxxer.hikari.pool.PoolBase.newConnection(PoolBase.java:360)
	at com.zaxxer.hikari.pool.PoolBase.newPoolEntry(PoolBase.java:202)
	at com.zaxxer.hikari.pool.HikariPool.createPoolEntry(HikariPool.java:461)
	at com.zaxxer.hikari.pool.HikariPool$PoolEntryCreator.call(HikariPool.java:724)
	at com.zaxxer.hikari.pool.HikariPool$PoolEntryCreator.call(HikariPool.java:703)
	at java.base/java.util.concurrent.FutureTask.run(FutureTask.java:264)
	... 3 common frames omitted
Caused by: oracle.net.ns.NetException: Listener refused the connection with the following error:
ORA-12516, TNS:listener could not find available handler with matching protocol stack
  (CONNECTION_ID=JK9rMx0jQNGi7stNcRoCNQ==)
	at oracle.net.ns.NSProtocolNIO.createRefusePacketException(NSProtocolNIO.java:824)
	at oracle.net.ns.NSProtocolNIO.handleConnectPacketResponse(NSProtocolNIO.java:396)
	at oracle.net.ns.NSProtocolNIO.negotiateConnection(NSProtocolNIO.java:207)
	at oracle.net.ns.NSProtocol.connect(NSProtocol.java:354)
	at oracle.jdbc.driver.T4CConnection.connect(T4CConnection.java:2627)
	at oracle.jdbc.driver.T4CConnection.logon(T4CConnection.java:666)
	... 14 common frames omitted
2026-07-14 13:47:27.386 [scheduling-1] WARN  com.zaxxer.hikari.pool.PoolBase - HikariPool-1 - Failed to validate connection oracle.jdbc.driver.T4CConnection@13d9cfef (Connexion interrompue). Possibly consider using a shorter maxLifetime value.
2026-07-14 13:47:32.405 [scheduling-1] WARN  com.zaxxer.hikari.pool.PoolBase - HikariPool-1 - Failed to validate connection oracle.jdbc.driver.T4CConnection@123ce2ea (Connexion interrompue). Possibly consider using a shorter maxLifetime value.
2026-07-14 13:47:37.452 [scheduling-1] WARN  com.zaxxer.hikari.pool.PoolBase - HikariPool-1 - Failed to validate connection oracle.jdbc.driver.T4CConnection@53fc3b7c (Connexion interrompue). Possibly consider using a shorter maxLifetime value.
2026-07-14 13:47:42.461 [scheduling-1] WARN  com.zaxxer.hikari.pool.PoolBase - HikariPool-1 - Failed to validate connection oracle.jdbc.driver.T4CConnection@13588c27 (Erreur d'E/S: Invalid Operation, NOT Connected). Possibly consider using a shorter maxLifetime value.
2026-07-14 13:47:47.483 [scheduling-1] WARN  com.zaxxer.hikari.pool.PoolBase - HikariPool-1 - Failed to validate connection oracle.jdbc.driver.T4CConnection@77d8f4ee (Connexion interrompue). Possibly consider using a shorter maxLifetime value.
2026-07-14 13:47:52.492 [scheduling-1] WARN  com.zaxxer.hikari.pool.PoolBase - HikariPool-1 - Failed to validate connection oracle.jdbc.driver.T4CConnection@4912c2e8 (Connexion interrompue). Possibly consider using a shorter maxLifetime value.
2026-07-14 13:47:52.492 [scheduling-1] WARN  org.hibernate.engine.jdbc.spi.SqlExceptionHelper - SQL Error: 0, SQLState: 08003
2026-07-14 13:47:52.494 [scheduling-1] ERROR org.hibernate.engine.jdbc.spi.SqlExceptionHelper - HikariPool-1 - Connection is not available, request timed out after 30266ms (total=1, active=0, idle=1, waiting=0)
2026-07-14 13:47:52.494 [scheduling-1] WARN  org.hibernate.engine.jdbc.spi.SqlExceptionHelper - SQL Error: 17008, SQLState: 08003
2026-07-14 13:47:52.494 [scheduling-1] ERROR org.hibernate.engine.jdbc.spi.SqlExceptionHelper - Connexion interrompue
2026-07-14 13:47:52.502 [scheduling-1] ERROR o.s.s.support.TaskUtils$LoggingErrorHandler - Unexpected error occurred in scheduled task
org.springframework.transaction.CannotCreateTransactionException: Could not open JPA EntityManager for transaction
	at org.springframework.orm.jpa.JpaTransactionManager.doBegin(JpaTransactionManager.java:466)
	at org.springframework.transaction.support.AbstractPlatformTransactionManager.startTransaction(AbstractPlatformTransactionManager.java:532)
	at org.springframework.transaction.support.AbstractPlatformTransactionManager.getTransaction(AbstractPlatformTransactionManager.java:405)
	at org.springframework.transaction.interceptor.TransactionAspectSupport.createTransactionIfNecessary(TransactionAspectSupport.java:604)
	at org.springframework.transaction.interceptor.TransactionAspectSupport.invokeWithinTransaction(TransactionAspectSupport.java:373)
	at org.springframework.transaction.interceptor.TransactionInterceptor.invoke(TransactionInterceptor.java:119)
	at org.springframework.aop.framework.ReflectiveMethodInvocation.proceed(ReflectiveMethodInvocation.java:184)
	at org.springframework.aop.framework.CglibAopProxy$CglibMethodInvocation.proceed(CglibAopProxy.java:768)
	at org.springframework.aop.framework.CglibAopProxy$DynamicAdvisedInterceptor.intercept(CglibAopProxy.java:720)
	at com.banque.msoc.kafka.OcOutboxPublisher$$SpringCGLIB$$0.publishPendingEvents(<generated>)
	at jdk.internal.reflect.GeneratedMethodAccessor37.invoke(Unknown Source)
	at java.base/jdk.internal.reflect.DelegatingMethodAccessorImpl.invoke(DelegatingMethodAccessorImpl.java:43)
	at java.base/java.lang.reflect.Method.invoke(Method.java:569)
	at org.springframework.scheduling.support.ScheduledMethodRunnable.runInternal(ScheduledMethodRunnable.java:130)
	at org.springframework.scheduling.support.ScheduledMethodRunnable.lambda$run$2(ScheduledMethodRunnable.java:124)
	at io.micrometer.observation.Observation.observe(Observation.java:499)
	at org.springframework.scheduling.support.ScheduledMethodRunnable.run(ScheduledMethodRunnable.java:124)
	at org.springframework.scheduling.support.DelegatingErrorHandlingRunnable.run(DelegatingErrorHandlingRunnable.java:54)
	at java.base/java.util.concurrent.Executors$RunnableAdapter.call(Executors.java:539)
	at java.base/java.util.concurrent.FutureTask.runAndReset(FutureTask.java:305)
	at java.base/java.util.concurrent.ScheduledThreadPoolExecutor$ScheduledFutureTask.run(ScheduledThreadPoolExecutor.java:305)
	at java.base/java.util.concurrent.ThreadPoolExecutor.runWorker(ThreadPoolExecutor.java:1136)
	at java.base/java.util.concurrent.ThreadPoolExecutor$Worker.run(ThreadPoolExecutor.java:635)
	at java.base/java.lang.Thread.run(Thread.java:840)
Caused by: org.hibernate.exception.JDBCConnectionException: Unable to acquire JDBC Connection [HikariPool-1 - Connection is not available, request timed out after 30266ms (total=1, active=0, idle=1, waiting=0)] [n/a]
	at org.hibernate.exception.internal.SQLExceptionTypeDelegate.convert(SQLExceptionTypeDelegate.java:51)
	at org.hibernate.exception.internal.StandardSQLExceptionConverter.convert(StandardSQLExceptionConverter.java:58)
	at org.hibernate.engine.jdbc.spi.SqlExceptionHelper.convert(SqlExceptionHelper.java:108)
	at org.hibernate.engine.jdbc.spi.SqlExceptionHelper.convert(SqlExceptionHelper.java:94)
	at org.hibernate.resource.jdbc.internal.LogicalConnectionManagedImpl.acquireConnectionIfNeeded(LogicalConnectionManagedImpl.java:129)
	at org.hibernate.resource.jdbc.internal.LogicalConnectionManagedImpl.getPhysicalConnection(LogicalConnectionManagedImpl.java:156)
	at org.hibernate.resource.jdbc.internal.LogicalConnectionManagedImpl.getConnectionForTransactionManagement(LogicalConnectionManagedImpl.java:286)
	at org.hibernate.resource.jdbc.internal.LogicalConnectionManagedImpl.begin(LogicalConnectionManagedImpl.java:294)
	at org.hibernate.resource.transaction.backend.jdbc.internal.JdbcResourceLocalTransactionCoordinatorImpl$TransactionDriverControlImpl.begin(JdbcResourceLocalTransactionCoordinatorImpl.java:232)
	at org.hibernate.engine.transaction.internal.TransactionImpl.begin(TransactionImpl.java:83)
	at org.springframework.orm.jpa.vendor.HibernateJpaDialect.beginTransaction(HibernateJpaDialect.java:176)
	at org.springframework.orm.jpa.JpaTransactionManager.doBegin(JpaTransactionManager.java:420)
	... 23 common frames omitted
Caused by: java.sql.SQLTransientConnectionException: HikariPool-1 - Connection is not available, request timed out after 30266ms (total=1, active=0, idle=1, waiting=0)
	at com.zaxxer.hikari.pool.HikariPool.createTimeoutException(HikariPool.java:686)
	at com.zaxxer.hikari.pool.HikariPool.getConnection(HikariPool.java:179)
	at com.zaxxer.hikari.pool.HikariPool.getConnection(HikariPool.java:144)
	at com.zaxxer.hikari.HikariDataSource.getConnection(HikariDataSource.java:127)
	at org.hibernate.engine.jdbc.connections.internal.DatasourceConnectionProviderImpl.getConnection(DatasourceConnectionProviderImpl.java:122)
	at org.hibernate.internal.NonContextualJdbcConnectionAccess.obtainConnection(NonContextualJdbcConnectionAccess.java:46)
	at org.hibernate.resource.jdbc.internal.LogicalConnectionManagedImpl.acquireConnectionIfNeeded(LogicalConnectionManagedImpl.java:126)
	... 30 common frames omitted
Caused by: java.sql.SQLRecoverableException: Connexion interrompue
	at oracle.jdbc.driver.T4CConnection.doSetNetworkTimeout(T4CConnection.java:10144)
	at oracle.jdbc.driver.PhysicalConnection.setNetworkTimeout(PhysicalConnection.java:10245)
	at com.zaxxer.hikari.pool.PoolBase.setNetworkTimeout(PoolBase.java:562)
	at com.zaxxer.hikari.pool.PoolBase.isConnectionDead(PoolBase.java:169)
	at com.zaxxer.hikari.pool.HikariPool.getConnection(HikariPool.java:168)
	... 35 common frames omitted
2026-07-14 13:48:02.562 [scheduling-1] WARN  com.zaxxer.hikari.pool.PoolBase - HikariPool-1 - Failed to validate connection oracle.jdbc.driver.T4CConnection@1be342d2 (Connexion interrompue). Possibly consider using a shorter maxLifetime value.
2026-07-14 13:48:27.567 [scheduling-1] WARN  org.hibernate.engine.jdbc.spi.SqlExceptionHelper - SQL Error: 0, SQLState: 08006
2026-07-14 13:48:27.567 [scheduling-1] ERROR org.hibernate.engine.jdbc.spi.SqlExceptionHelper - HikariPool-1 - Connection is not available, request timed out after 30016ms (total=0, active=0, idle=0, waiting=0)
2026-07-14 13:48:27.567 [scheduling-1] WARN  org.hibernate.engine.jdbc.spi.SqlExceptionHelper - SQL Error: 17002, SQLState: 08006
2026-07-14 13:48:27.567 [scheduling-1] ERROR org.hibernate.engine.jdbc.spi.SqlExceptionHelper - Erreur d'E/S: The Network Adapter could not establish the connection (CONNECTION_ID=n6o/PoFXRE2zNegUEtEJfQ==)
2026-07-14 13:48:27.567 [scheduling-1] ERROR o.s.s.support.TaskUtils$LoggingErrorHandler - Unexpected error occurred in scheduled task
org.springframework.transaction.CannotCreateTransactionException: Could not open JPA EntityManager for transaction
	at org.springframework.orm.jpa.JpaTransactionManager.doBegin(JpaTransactionManager.java:466)
	at org.springframework.transaction.support.AbstractPlatformTransactionManager.startTransaction(AbstractPlatformTransactionManager.java:532)
	at org.springframework.transaction.support.AbstractPlatformTransactionManager.getTransaction(AbstractPlatformTransactionManager.java:405)
	at org.springframework.transaction.interceptor.TransactionAspectSupport.createTransactionIfNecessary(TransactionAspectSupport.java:604)
	at org.springframework.transaction.interceptor.TransactionAspectSupport.invokeWithinTransaction(TransactionAspectSupport.java:373)
	at org.springframework.transaction.interceptor.TransactionInterceptor.invoke(TransactionInterceptor.java:119)
	at org.springframework.aop.framework.ReflectiveMethodInvocation.proceed(ReflectiveMethodInvocation.java:184)
	at org.springframework.aop.framework.CglibAopProxy$CglibMethodInvocation.proceed(CglibAopProxy.java:768)
	at org.springframework.aop.framework.CglibAopProxy$DynamicAdvisedInterceptor.intercept(CglibAopProxy.java:720)
	at com.banque.msoc.kafka.OcOutboxPublisher$$SpringCGLIB$$0.publishPendingEvents(<generated>)
	at jdk.internal.reflect.GeneratedMethodAccessor37.invoke(Unknown Source)
	at java.base/jdk.internal.reflect.DelegatingMethodAccessorImpl.invoke(DelegatingMethodAccessorImpl.java:43)
	at java.base/java.lang.reflect.Method.invoke(Method.java:569)
	at org.springframework.scheduling.support.ScheduledMethodRunnable.runInternal(ScheduledMethodRunnable.java:130)
	at org.springframework.scheduling.support.ScheduledMethodRunnable.lambda$run$2(ScheduledMethodRunnable.java:124)
	at io.micrometer.observation.Observation.observe(Observation.java:499)
	at org.springframework.scheduling.support.ScheduledMethodRunnable.run(ScheduledMethodRunnable.java:124)
	at org.springframework.scheduling.support.DelegatingErrorHandlingRunnable.run(DelegatingErrorHandlingRunnable.java:54)
	at java.base/java.util.concurrent.Executors$RunnableAdapter.call(Executors.java:539)
	at java.base/java.util.concurrent.FutureTask.runAndReset(FutureTask.java:305)
	at java.base/java.util.concurrent.ScheduledThreadPoolExecutor$ScheduledFutureTask.run(ScheduledThreadPoolExecutor.java:305)
	at java.base/java.util.concurrent.ThreadPoolExecutor.runWorker(ThreadPoolExecutor.java:1136)
	at java.base/java.util.concurrent.ThreadPoolExecutor$Worker.run(ThreadPoolExecutor.java:635)
	at java.base/java.lang.Thread.run(Thread.java:840)
Caused by: org.hibernate.exception.JDBCConnectionException: Unable to acquire JDBC Connection [HikariPool-1 - Connection is not available, request timed out after 30016ms (total=0, active=0, idle=0, waiting=0)] [n/a]
	at org.hibernate.exception.internal.SQLExceptionTypeDelegate.convert(SQLExceptionTypeDelegate.java:51)
	at org.hibernate.exception.internal.StandardSQLExceptionConverter.convert(StandardSQLExceptionConverter.java:58)
	at org.hibernate.engine.jdbc.spi.SqlExceptionHelper.convert(SqlExceptionHelper.java:108)
	at org.hibernate.engine.jdbc.spi.SqlExceptionHelper.convert(SqlExceptionHelper.java:94)
	at org.hibernate.resource.jdbc.internal.LogicalConnectionManagedImpl.acquireConnectionIfNeeded(LogicalConnectionManagedImpl.java:129)
	at org.hibernate.resource.jdbc.internal.LogicalConnectionManagedImpl.getPhysicalConnection(LogicalConnectionManagedImpl.java:156)
	at org.hibernate.resource.jdbc.internal.LogicalConnectionManagedImpl.getConnectionForTransactionManagement(LogicalConnectionManagedImpl.java:286)
	at org.hibernate.resource.jdbc.internal.LogicalConnectionManagedImpl.begin(LogicalConnectionManagedImpl.java:294)
	at org.hibernate.resource.transaction.backend.jdbc.internal.JdbcResourceLocalTransactionCoordinatorImpl$TransactionDriverControlImpl.begin(JdbcResourceLocalTransactionCoordinatorImpl.java:232)
	at org.hibernate.engine.transaction.internal.TransactionImpl.begin(TransactionImpl.java:83)
	at org.springframework.orm.jpa.vendor.HibernateJpaDialect.beginTransaction(HibernateJpaDialect.java:176)
	at org.springframework.orm.jpa.JpaTransactionManager.doBegin(JpaTransactionManager.java:420)
	... 23 common frames omitted
Caused by: java.sql.SQLTransientConnectionException: HikariPool-1 - Connection is not available, request timed out after 30016ms (total=0, active=0, idle=0, waiting=0)
	at com.zaxxer.hikari.pool.HikariPool.createTimeoutException(HikariPool.java:686)
	at com.zaxxer.hikari.pool.HikariPool.getConnection(HikariPool.java:179)
	at com.zaxxer.hikari.pool.HikariPool.getConnection(HikariPool.java:144)
	at com.zaxxer.hikari.HikariDataSource.getConnection(HikariDataSource.java:127)
	at org.hibernate.engine.jdbc.connections.internal.DatasourceConnectionProviderImpl.getConnection(DatasourceConnectionProviderImpl.java:122)
	at org.hibernate.internal.NonContextualJdbcConnectionAccess.obtainConnection(NonContextualJdbcConnectionAccess.java:46)
	at org.hibernate.resource.jdbc.internal.LogicalConnectionManagedImpl.acquireConnectionIfNeeded(LogicalConnectionManagedImpl.java:126)
	... 30 common frames omitted
Caused by: java.sql.SQLRecoverableException: Erreur d'E/S: The Network Adapter could not establish the connection (CONNECTION_ID=n6o/PoFXRE2zNegUEtEJfQ==)
	at oracle.jdbc.driver.T4CConnection.handleLogonNetException(T4CConnection.java:902)
	at oracle.jdbc.driver.T4CConnection.logon(T4CConnection.java:707)
	at oracle.jdbc.driver.PhysicalConnection.connect(PhysicalConnection.java:1094)
	at oracle.jdbc.driver.T4CDriverExtension.getConnection(T4CDriverExtension.java:89)
	at oracle.jdbc.driver.OracleDriver.connect(OracleDriver.java:732)
	at oracle.jdbc.driver.OracleDriver.connect(OracleDriver.java:648)
	at com.zaxxer.hikari.util.DriverDataSource.getConnection(DriverDataSource.java:137)
	at com.zaxxer.hikari.pool.PoolBase.newConnection(PoolBase.java:360)
	at com.zaxxer.hikari.pool.PoolBase.newPoolEntry(PoolBase.java:202)
	at com.zaxxer.hikari.pool.HikariPool.createPoolEntry(HikariPool.java:461)
	at com.zaxxer.hikari.pool.HikariPool$PoolEntryCreator.call(HikariPool.java:724)
	at com.zaxxer.hikari.pool.HikariPool$PoolEntryCreator.call(HikariPool.java:703)
	at java.base/java.util.concurrent.FutureTask.run(FutureTask.java:264)
	... 3 common frames omitted
Caused by: oracle.net.ns.NetException: The Network Adapter could not establish the connection (CONNECTION_ID=n6o/PoFXRE2zNegUEtEJfQ==)
	at oracle.net.nt.ConnStrategy.execute(ConnStrategy.java:715)
	at oracle.net.resolver.AddrResolution.resolveAndExecute(AddrResolution.java:584)
	at oracle.net.ns.NSProtocol.establishConnection(NSProtocol.java:964)
	at oracle.net.ns.NSProtocol.connect(NSProtocol.java:350)
	at oracle.jdbc.driver.T4CConnection.connect(T4CConnection.java:2627)
	at oracle.jdbc.driver.T4CConnection.logon(T4CConnection.java:666)
	... 14 common frames omitted
Caused by: java.io.IOException: No route to host: connect, socket connect lapse 0 ms. 37.187.250.163 1521  30000 (1/1) true
	at oracle.net.nt.TcpNTAdapter.establishSocket(TcpNTAdapter.java:425)
	at oracle.net.nt.TcpNTAdapter.doLocalDNSLookupConnect(TcpNTAdapter.java:307)
	at oracle.net.nt.TcpNTAdapter.connect(TcpNTAdapter.java:269)
	at oracle.net.nt.ConnOption.connect(ConnOption.java:230)
	at oracle.net.nt.ConnStrategy.executeConnOption(ConnStrategy.java:1014)
	at oracle.net.nt.ConnStrategy.execute(ConnStrategy.java:673)
	... 19 common frames omitted
Caused by: java.net.NoRouteToHostException: No route to host: connect
	at java.base/sun.nio.ch.Net.connect0(Native Method)
	at java.base/sun.nio.ch.Net.connect(Net.java:591)
	at java.base/sun.nio.ch.Net.connect(Net.java:598)
	at java.base/sun.nio.ch.SocketChannelImpl.connect(SocketChannelImpl.java:853)
	at java.base/java.nio.channels.SocketChannel.open(SocketChannel.java:285)
	at oracle.net.nt.TimeoutSocketChannel.connect(TimeoutSocketChannel.java:183)
	at oracle.net.nt.TimeoutSocketChannel.<init>(TimeoutSocketChannel.java:157)
	at oracle.net.nt.TcpNTAdapter.establishSocket(TcpNTAdapter.java:384)
	... 24 common frames omitted
2026-07-14 13:49:02.591 [scheduling-1] WARN  org.hibernate.engine.jdbc.spi.SqlExceptionHelper - SQL Error: 0, SQLState: 08006
2026-07-14 13:49:02.592 [scheduling-1] ERROR org.hibernate.engine.jdbc.spi.SqlExceptionHelper - HikariPool-1 - Connection is not available, request timed out after 30006ms (total=0, active=0, idle=0, waiting=0)
2026-07-14 13:49:02.592 [scheduling-1] WARN  org.hibernate.engine.jdbc.spi.SqlExceptionHelper - SQL Error: 17002, SQLState: 08006
2026-07-14 13:49:02.592 [scheduling-1] ERROR org.hibernate.engine.jdbc.spi.SqlExceptionHelper - Erreur d'E/S: The Network Adapter could not establish the connection (CONNECTION_ID=LTkBsRHgSRGItOBb54JfsA==)
2026-07-14 13:49:02.592 [scheduling-1] ERROR o.s.s.support.TaskUtils$LoggingErrorHandler - Unexpected error occurred in scheduled task
org.springframework.transaction.CannotCreateTransactionException: Could not open JPA EntityManager for transaction
	at org.springframework.orm.jpa.JpaTransactionManager.doBegin(JpaTransactionManager.java:466)
	at org.springframework.transaction.support.AbstractPlatformTransactionManager.startTransaction(AbstractPlatformTransactionManager.java:532)
	at org.springframework.transaction.support.AbstractPlatformTransactionManager.getTransaction(AbstractPlatformTransactionManager.java:405)
	at org.springframework.transaction.interceptor.TransactionAspectSupport.createTransactionIfNecessary(TransactionAspectSupport.java:604)
	at org.springframework.transaction.interceptor.TransactionAspectSupport.invokeWithinTransaction(TransactionAspectSupport.java:373)
	at org.springframework.transaction.interceptor.TransactionInterceptor.invoke(TransactionInterceptor.java:119)
	at org.springframework.aop.framework.ReflectiveMethodInvocation.proceed(ReflectiveMethodInvocation.java:184)
	at org.springframework.aop.framework.CglibAopProxy$CglibMethodInvocation.proceed(CglibAopProxy.java:768)
	at org.springframework.aop.framework.CglibAopProxy$DynamicAdvisedInterceptor.intercept(CglibAopProxy.java:720)
	at com.banque.msoc.kafka.OcOutboxPublisher$$SpringCGLIB$$0.publishPendingEvents(<generated>)
	at jdk.internal.reflect.GeneratedMethodAccessor37.invoke(Unknown Source)
	at java.base/jdk.internal.reflect.DelegatingMethodAccessorImpl.invoke(DelegatingMethodAccessorImpl.java:43)
	at java.base/java.lang.reflect.Method.invoke(Method.java:569)
	at org.springframework.scheduling.support.ScheduledMethodRunnable.runInternal(ScheduledMethodRunnable.java:130)
	at org.springframework.scheduling.support.ScheduledMethodRunnable.lambda$run$2(ScheduledMethodRunnable.java:124)
	at io.micrometer.observation.Observation.observe(Observation.java:499)
	at org.springframework.scheduling.support.ScheduledMethodRunnable.run(ScheduledMethodRunnable.java:124)
	at org.springframework.scheduling.support.DelegatingErrorHandlingRunnable.run(DelegatingErrorHandlingRunnable.java:54)
	at java.base/java.util.concurrent.Executors$RunnableAdapter.call(Executors.java:539)
	at java.base/java.util.concurrent.FutureTask.runAndReset(FutureTask.java:305)
	at java.base/java.util.concurrent.ScheduledThreadPoolExecutor$ScheduledFutureTask.run(ScheduledThreadPoolExecutor.java:305)
	at java.base/java.util.concurrent.ThreadPoolExecutor.runWorker(ThreadPoolExecutor.java:1136)
	at java.base/java.util.concurrent.ThreadPoolExecutor$Worker.run(ThreadPoolExecutor.java:635)
	at java.base/java.lang.Thread.run(Thread.java:840)
Caused by: org.hibernate.exception.JDBCConnectionException: Unable to acquire JDBC Connection [HikariPool-1 - Connection is not available, request timed out after 30006ms (total=0, active=0, idle=0, waiting=0)] [n/a]
	at org.hibernate.exception.internal.SQLExceptionTypeDelegate.convert(SQLExceptionTypeDelegate.java:51)
	at org.hibernate.exception.internal.StandardSQLExceptionConverter.convert(StandardSQLExceptionConverter.java:58)
	at org.hibernate.engine.jdbc.spi.SqlExceptionHelper.convert(SqlExceptionHelper.java:108)
	at org.hibernate.engine.jdbc.spi.SqlExceptionHelper.convert(SqlExceptionHelper.java:94)
	at org.hibernate.resource.jdbc.internal.LogicalConnectionManagedImpl.acquireConnectionIfNeeded(LogicalConnectionManagedImpl.java:129)
	at org.hibernate.resource.jdbc.internal.LogicalConnectionManagedImpl.getPhysicalConnection(LogicalConnectionManagedImpl.java:156)
	at org.hibernate.resource.jdbc.internal.LogicalConnectionManagedImpl.getConnectionForTransactionManagement(LogicalConnectionManagedImpl.java:286)
	at org.hibernate.resource.jdbc.internal.LogicalConnectionManagedImpl.begin(LogicalConnectionManagedImpl.java:294)
	at org.hibernate.resource.transaction.backend.jdbc.internal.JdbcResourceLocalTransactionCoordinatorImpl$TransactionDriverControlImpl.begin(JdbcResourceLocalTransactionCoordinatorImpl.java:232)
	at org.hibernate.engine.transaction.internal.TransactionImpl.begin(TransactionImpl.java:83)
	at org.springframework.orm.jpa.vendor.HibernateJpaDialect.beginTransaction(HibernateJpaDialect.java:176)
	at org.springframework.orm.jpa.JpaTransactionManager.doBegin(JpaTransactionManager.java:420)
	... 23 common frames omitted
Caused by: java.sql.SQLTransientConnectionException: HikariPool-1 - Connection is not available, request timed out after 30006ms (total=0, active=0, idle=0, waiting=0)
	at com.zaxxer.hikari.pool.HikariPool.createTimeoutException(HikariPool.java:686)
	at com.zaxxer.hikari.pool.HikariPool.getConnection(HikariPool.java:179)
	at com.zaxxer.hikari.pool.HikariPool.getConnection(HikariPool.java:144)
	at com.zaxxer.hikari.HikariDataSource.getConnection(HikariDataSource.java:127)
	at org.hibernate.engine.jdbc.connections.internal.DatasourceConnectionProviderImpl.getConnection(DatasourceConnectionProviderImpl.java:122)
	at org.hibernate.internal.NonContextualJdbcConnectionAccess.obtainConnection(NonContextualJdbcConnectionAccess.java:46)
	at org.hibernate.resource.jdbc.internal.LogicalConnectionManagedImpl.acquireConnectionIfNeeded(LogicalConnectionManagedImpl.java:126)
	... 30 common frames omitted
Caused by: java.sql.SQLRecoverableException: Erreur d'E/S: The Network Adapter could not establish the connection (CONNECTION_ID=LTkBsRHgSRGItOBb54JfsA==)
	at oracle.jdbc.driver.T4CConnection.handleLogonNetException(T4CConnection.java:902)
	at oracle.jdbc.driver.T4CConnection.logon(T4CConnection.java:707)
	at oracle.jdbc.driver.PhysicalConnection.connect(PhysicalConnection.java:1094)
	at oracle.jdbc.driver.T4CDriverExtension.getConnection(T4CDriverExtension.java:89)
	at oracle.jdbc.driver.OracleDriver.connect(OracleDriver.java:732)
	at oracle.jdbc.driver.OracleDriver.connect(OracleDriver.java:648)
	at com.zaxxer.hikari.util.DriverDataSource.getConnection(DriverDataSource.java:137)
	at com.zaxxer.hikari.pool.PoolBase.newConnection(PoolBase.java:360)
	at com.zaxxer.hikari.pool.PoolBase.newPoolEntry(PoolBase.java:202)
	at com.zaxxer.hikari.pool.HikariPool.createPoolEntry(HikariPool.java:461)
	at com.zaxxer.hikari.pool.HikariPool$PoolEntryCreator.call(HikariPool.java:724)
	at com.zaxxer.hikari.pool.HikariPool$PoolEntryCreator.call(HikariPool.java:703)
	at java.base/java.util.concurrent.FutureTask.run(FutureTask.java:264)
	... 3 common frames omitted
Caused by: oracle.net.ns.NetException: The Network Adapter could not establish the connection (CONNECTION_ID=LTkBsRHgSRGItOBb54JfsA==)
	at oracle.net.nt.ConnStrategy.execute(ConnStrategy.java:715)
	at oracle.net.resolver.AddrResolution.resolveAndExecute(AddrResolution.java:584)
	at oracle.net.ns.NSProtocol.establishConnection(NSProtocol.java:964)
	at oracle.net.ns.NSProtocol.connect(NSProtocol.java:350)
	at oracle.jdbc.driver.T4CConnection.connect(T4CConnection.java:2627)
	at oracle.jdbc.driver.T4CConnection.logon(T4CConnection.java:666)
	... 14 common frames omitted
Caused by: java.io.IOException: No route to host: connect, socket connect lapse 1 ms. 37.187.250.163 1521  30000 (1/1) true
	at oracle.net.nt.TcpNTAdapter.establishSocket(TcpNTAdapter.java:425)
	at oracle.net.nt.TcpNTAdapter.doLocalDNSLookupConnect(TcpNTAdapter.java:307)
	at oracle.net.nt.TcpNTAdapter.connect(TcpNTAdapter.java:269)
	at oracle.net.nt.ConnOption.connect(ConnOption.java:230)
	at oracle.net.nt.ConnStrategy.executeConnOption(ConnStrategy.java:1014)
	at oracle.net.nt.ConnStrategy.execute(ConnStrategy.java:673)
	... 19 common frames omitted
Caused by: java.net.NoRouteToHostException: No route to host: connect
	at java.base/sun.nio.ch.Net.connect0(Native Method)
	at java.base/sun.nio.ch.Net.connect(Net.java:591)
	at java.base/sun.nio.ch.Net.connect(Net.java:598)
	at java.base/sun.nio.ch.SocketChannelImpl.connect(SocketChannelImpl.java:853)
	at java.base/java.nio.channels.SocketChannel.open(SocketChannel.java:285)
	at oracle.net.nt.TimeoutSocketChannel.connect(TimeoutSocketChannel.java:183)
	at oracle.net.nt.TimeoutSocketChannel.<init>(TimeoutSocketChannel.java:157)
	at oracle.net.nt.TcpNTAdapter.establishSocket(TcpNTAdapter.java:384)
	... 24 common frames omitted
2026-07-14 13:49:37.603 [scheduling-1] WARN  org.hibernate.engine.jdbc.spi.SqlExceptionHelper - SQL Error: 0, SQLState: 08006
2026-07-14 13:49:37.603 [scheduling-1] ERROR org.hibernate.engine.jdbc.spi.SqlExceptionHelper - HikariPool-1 - Connection is not available, request timed out after 30008ms (total=0, active=0, idle=0, waiting=0)
2026-07-14 13:49:37.603 [scheduling-1] WARN  org.hibernate.engine.jdbc.spi.SqlExceptionHelper - SQL Error: 17002, SQLState: 08006
2026-07-14 13:49:37.603 [scheduling-1] ERROR org.hibernate.engine.jdbc.spi.SqlExceptionHelper - Erreur d'E/S: The Network Adapter could not establish the connection (CONNECTION_ID=inw0GhDqTHKPk3UhU4CzrA==)
2026-07-14 13:49:37.603 [scheduling-1] ERROR o.s.s.support.TaskUtils$LoggingErrorHandler - Unexpected error occurred in scheduled task
org.springframework.transaction.CannotCreateTransactionException: Could not open JPA EntityManager for transaction
	at org.springframework.orm.jpa.JpaTransactionManager.doBegin(JpaTransactionManager.java:466)
	at org.springframework.transaction.support.AbstractPlatformTransactionManager.startTransaction(AbstractPlatformTransactionManager.java:532)
	at org.springframework.transaction.support.AbstractPlatformTransactionManager.getTransaction(AbstractPlatformTransactionManager.java:405)
	at org.springframework.transaction.interceptor.TransactionAspectSupport.createTransactionIfNecessary(TransactionAspectSupport.java:604)
	at org.springframework.transaction.interceptor.TransactionAspectSupport.invokeWithinTransaction(TransactionAspectSupport.java:373)
	at org.springframework.transaction.interceptor.TransactionInterceptor.invoke(TransactionInterceptor.java:119)
	at org.springframework.aop.framework.ReflectiveMethodInvocation.proceed(ReflectiveMethodInvocation.java:184)
	at org.springframework.aop.framework.CglibAopProxy$CglibMethodInvocation.proceed(CglibAopProxy.java:768)
	at org.springframework.aop.framework.CglibAopProxy$DynamicAdvisedInterceptor.intercept(CglibAopProxy.java:720)
	at com.banque.msoc.kafka.OcOutboxPublisher$$SpringCGLIB$$0.publishPendingEvents(<generated>)
	at jdk.internal.reflect.GeneratedMethodAccessor37.invoke(Unknown Source)
	at java.base/jdk.internal.reflect.DelegatingMethodAccessorImpl.invoke(DelegatingMethodAccessorImpl.java:43)
	at java.base/java.lang.reflect.Method.invoke(Method.java:569)
	at org.springframework.scheduling.support.ScheduledMethodRunnable.runInternal(ScheduledMethodRunnable.java:130)
	at org.springframework.scheduling.support.ScheduledMethodRunnable.lambda$run$2(ScheduledMethodRunnable.java:124)
	at io.micrometer.observation.Observation.observe(Observation.java:499)
	at org.springframework.scheduling.support.ScheduledMethodRunnable.run(ScheduledMethodRunnable.java:124)
	at org.springframework.scheduling.support.DelegatingErrorHandlingRunnable.run(DelegatingErrorHandlingRunnable.java:54)
	at java.base/java.util.concurrent.Executors$RunnableAdapter.call(Executors.java:539)
	at java.base/java.util.concurrent.FutureTask.runAndReset(FutureTask.java:305)
	at java.base/java.util.concurrent.ScheduledThreadPoolExecutor$ScheduledFutureTask.run(ScheduledThreadPoolExecutor.java:305)
	at java.base/java.util.concurrent.ThreadPoolExecutor.runWorker(ThreadPoolExecutor.java:1136)
	at java.base/java.util.concurrent.ThreadPoolExecutor$Worker.run(ThreadPoolExecutor.java:635)
	at java.base/java.lang.Thread.run(Thread.java:840)
Caused by: org.hibernate.exception.JDBCConnectionException: Unable to acquire JDBC Connection [HikariPool-1 - Connection is not available, request timed out after 30008ms (total=0, active=0, idle=0, waiting=0)] [n/a]
	at org.hibernate.exception.internal.SQLExceptionTypeDelegate.convert(SQLExceptionTypeDelegate.java:51)
	at org.hibernate.exception.internal.StandardSQLExceptionConverter.convert(StandardSQLExceptionConverter.java:58)
	at org.hibernate.engine.jdbc.spi.SqlExceptionHelper.convert(SqlExceptionHelper.java:108)
	at org.hibernate.engine.jdbc.spi.SqlExceptionHelper.convert(SqlExceptionHelper.java:94)
	at org.hibernate.resource.jdbc.internal.LogicalConnectionManagedImpl.acquireConnectionIfNeeded(LogicalConnectionManagedImpl.java:129)
	at org.hibernate.resource.jdbc.internal.LogicalConnectionManagedImpl.getPhysicalConnection(LogicalConnectionManagedImpl.java:156)
	at org.hibernate.resource.jdbc.internal.LogicalConnectionManagedImpl.getConnectionForTransactionManagement(LogicalConnectionManagedImpl.java:286)
	at org.hibernate.resource.jdbc.internal.LogicalConnectionManagedImpl.begin(LogicalConnectionManagedImpl.java:294)
	at org.hibernate.resource.transaction.backend.jdbc.internal.JdbcResourceLocalTransactionCoordinatorImpl$TransactionDriverControlImpl.begin(JdbcResourceLocalTransactionCoordinatorImpl.java:232)
	at org.hibernate.engine.transaction.internal.TransactionImpl.begin(TransactionImpl.java:83)
	at org.springframework.orm.jpa.vendor.HibernateJpaDialect.beginTransaction(HibernateJpaDialect.java:176)
	at org.springframework.orm.jpa.JpaTransactionManager.doBegin(JpaTransactionManager.java:420)
	... 23 common frames omitted
Caused by: java.sql.SQLTransientConnectionException: HikariPool-1 - Connection is not available, request timed out after 30008ms (total=0, active=0, idle=0, waiting=0)
	at com.zaxxer.hikari.pool.HikariPool.createTimeoutException(HikariPool.java:686)
	at com.zaxxer.hikari.pool.HikariPool.getConnection(HikariPool.java:179)
	at com.zaxxer.hikari.pool.HikariPool.getConnection(HikariPool.java:144)
	at com.zaxxer.hikari.HikariDataSource.getConnection(HikariDataSource.java:127)
	at org.hibernate.engine.jdbc.connections.internal.DatasourceConnectionProviderImpl.getConnection(DatasourceConnectionProviderImpl.java:122)
	at org.hibernate.internal.NonContextualJdbcConnectionAccess.obtainConnection(NonContextualJdbcConnectionAccess.java:46)
	at org.hibernate.resource.jdbc.internal.LogicalConnectionManagedImpl.acquireConnectionIfNeeded(LogicalConnectionManagedImpl.java:126)
	... 30 common frames omitted
Caused by: java.sql.SQLRecoverableException: Erreur d'E/S: The Network Adapter could not establish the connection (CONNECTION_ID=inw0GhDqTHKPk3UhU4CzrA==)
	at oracle.jdbc.driver.T4CConnection.handleLogonNetException(T4CConnection.java:902)
	at oracle.jdbc.driver.T4CConnection.logon(T4CConnection.java:707)
	at oracle.jdbc.driver.PhysicalConnection.connect(PhysicalConnection.java:1094)
	at oracle.jdbc.driver.T4CDriverExtension.getConnection(T4CDriverExtension.java:89)
	at oracle.jdbc.driver.OracleDriver.connect(OracleDriver.java:732)
	at oracle.jdbc.driver.OracleDriver.connect(OracleDriver.java:648)
	at com.zaxxer.hikari.util.DriverDataSource.getConnection(DriverDataSource.java:137)
	at com.zaxxer.hikari.pool.PoolBase.newConnection(PoolBase.java:360)
	at com.zaxxer.hikari.pool.PoolBase.newPoolEntry(PoolBase.java:202)
	at com.zaxxer.hikari.pool.HikariPool.createPoolEntry(HikariPool.java:461)
	at com.zaxxer.hikari.pool.HikariPool$PoolEntryCreator.call(HikariPool.java:724)
	at com.zaxxer.hikari.pool.HikariPool$PoolEntryCreator.call(HikariPool.java:703)
	at java.base/java.util.concurrent.FutureTask.run(FutureTask.java:264)
	... 3 common frames omitted
Caused by: oracle.net.ns.NetException: The Network Adapter could not establish the connection (CONNECTION_ID=inw0GhDqTHKPk3UhU4CzrA==)
	at oracle.net.nt.ConnStrategy.execute(ConnStrategy.java:715)
	at oracle.net.resolver.AddrResolution.resolveAndExecute(AddrResolution.java:584)
	at oracle.net.ns.NSProtocol.establishConnection(NSProtocol.java:964)
	at oracle.net.ns.NSProtocol.connect(NSProtocol.java:350)
	at oracle.jdbc.driver.T4CConnection.connect(T4CConnection.java:2627)
	at oracle.jdbc.driver.T4CConnection.logon(T4CConnection.java:666)
	... 14 common frames omitted
Caused by: java.io.IOException: No route to host: connect, socket connect lapse 1 ms. 37.187.250.163 1521  30000 (1/1) true
	at oracle.net.nt.TcpNTAdapter.establishSocket(TcpNTAdapter.java:425)
	at oracle.net.nt.TcpNTAdapter.doLocalDNSLookupConnect(TcpNTAdapter.java:307)
	at oracle.net.nt.TcpNTAdapter.connect(TcpNTAdapter.java:269)
	at oracle.net.nt.ConnOption.connect(ConnOption.java:230)
	at oracle.net.nt.ConnStrategy.executeConnOption(ConnStrategy.java:1014)
	at oracle.net.nt.ConnStrategy.execute(ConnStrategy.java:673)
	... 19 common frames omitted
Caused by: java.net.NoRouteToHostException: No route to host: connect
	at java.base/sun.nio.ch.Net.connect0(Native Method)
	at java.base/sun.nio.ch.Net.connect(Net.java:591)
	at java.base/sun.nio.ch.Net.connect(Net.java:598)
	at java.base/sun.nio.ch.SocketChannelImpl.connect(SocketChannelImpl.java:853)
	at java.base/java.nio.channels.SocketChannel.open(SocketChannel.java:285)
	at oracle.net.nt.TimeoutSocketChannel.connect(TimeoutSocketChannel.java:183)
	at oracle.net.nt.TimeoutSocketChannel.<init>(TimeoutSocketChannel.java:157)
	at oracle.net.nt.TcpNTAdapter.establishSocket(TcpNTAdapter.java:384)
	... 24 common frames omitted
2026-07-14 13:50:12.624 [scheduling-1] WARN  org.hibernate.engine.jdbc.spi.SqlExceptionHelper - SQL Error: 0, SQLState: 66000
2026-07-14 13:50:12.625 [scheduling-1] ERROR org.hibernate.engine.jdbc.spi.SqlExceptionHelper - HikariPool-1 - Connection is not available, request timed out after 30013ms (total=0, active=0, idle=0, waiting=0)
2026-07-14 13:50:12.625 [scheduling-1] WARN  org.hibernate.engine.jdbc.spi.SqlExceptionHelper - SQL Error: 12516, SQLState: 66000
2026-07-14 13:50:12.625 [scheduling-1] ERROR org.hibernate.engine.jdbc.spi.SqlExceptionHelper - Listener refused the connection with the following error:
ORA-12516, TNS:listener could not find available handler with matching protocol stack
  (CONNECTION_ID=nBlDTxPTRxW0rFpx8Spgkg==)
2026-07-14 13:50:12.625 [scheduling-1] ERROR o.s.s.support.TaskUtils$LoggingErrorHandler - Unexpected error occurred in scheduled task
org.springframework.transaction.CannotCreateTransactionException: Could not open JPA EntityManager for transaction
	at org.springframework.orm.jpa.JpaTransactionManager.doBegin(JpaTransactionManager.java:466)
	at org.springframework.transaction.support.AbstractPlatformTransactionManager.startTransaction(AbstractPlatformTransactionManager.java:532)
	at org.springframework.transaction.support.AbstractPlatformTransactionManager.getTransaction(AbstractPlatformTransactionManager.java:405)
	at org.springframework.transaction.interceptor.TransactionAspectSupport.createTransactionIfNecessary(TransactionAspectSupport.java:604)
	at org.springframework.transaction.interceptor.TransactionAspectSupport.invokeWithinTransaction(TransactionAspectSupport.java:373)
	at org.springframework.transaction.interceptor.TransactionInterceptor.invoke(TransactionInterceptor.java:119)
	at org.springframework.aop.framework.ReflectiveMethodInvocation.proceed(ReflectiveMethodInvocation.java:184)
	at org.springframework.aop.framework.CglibAopProxy$CglibMethodInvocation.proceed(CglibAopProxy.java:768)
	at org.springframework.aop.framework.CglibAopProxy$DynamicAdvisedInterceptor.intercept(CglibAopProxy.java:720)
	at com.banque.msoc.kafka.OcOutboxPublisher$$SpringCGLIB$$0.publishPendingEvents(<generated>)
	at jdk.internal.reflect.GeneratedMethodAccessor37.invoke(Unknown Source)
	at java.base/jdk.internal.reflect.DelegatingMethodAccessorImpl.invoke(DelegatingMethodAccessorImpl.java:43)
	at java.base/java.lang.reflect.Method.invoke(Method.java:569)
	at org.springframework.scheduling.support.ScheduledMethodRunnable.runInternal(ScheduledMethodRunnable.java:130)
	at org.springframework.scheduling.support.ScheduledMethodRunnable.lambda$run$2(ScheduledMethodRunnable.java:124)
	at io.micrometer.observation.Observation.observe(Observation.java:499)
	at org.springframework.scheduling.support.ScheduledMethodRunnable.run(ScheduledMethodRunnable.java:124)
	at org.springframework.scheduling.support.DelegatingErrorHandlingRunnable.run(DelegatingErrorHandlingRunnable.java:54)
	at java.base/java.util.concurrent.Executors$RunnableAdapter.call(Executors.java:539)
	at java.base/java.util.concurrent.FutureTask.runAndReset(FutureTask.java:305)
	at java.base/java.util.concurrent.ScheduledThreadPoolExecutor$ScheduledFutureTask.run(ScheduledThreadPoolExecutor.java:305)
	at java.base/java.util.concurrent.ThreadPoolExecutor.runWorker(ThreadPoolExecutor.java:1136)
	at java.base/java.util.concurrent.ThreadPoolExecutor$Worker.run(ThreadPoolExecutor.java:635)
	at java.base/java.lang.Thread.run(Thread.java:840)
Caused by: org.hibernate.exception.JDBCConnectionException: Unable to acquire JDBC Connection [HikariPool-1 - Connection is not available, request timed out after 30013ms (total=0, active=0, idle=0, waiting=0)] [n/a]
	at org.hibernate.exception.internal.SQLExceptionTypeDelegate.convert(SQLExceptionTypeDelegate.java:51)
	at org.hibernate.exception.internal.StandardSQLExceptionConverter.convert(StandardSQLExceptionConverter.java:58)
	at org.hibernate.engine.jdbc.spi.SqlExceptionHelper.convert(SqlExceptionHelper.java:108)
	at org.hibernate.engine.jdbc.spi.SqlExceptionHelper.convert(SqlExceptionHelper.java:94)
	at org.hibernate.resource.jdbc.internal.LogicalConnectionManagedImpl.acquireConnectionIfNeeded(LogicalConnectionManagedImpl.java:129)
	at org.hibernate.resource.jdbc.internal.LogicalConnectionManagedImpl.getPhysicalConnection(LogicalConnectionManagedImpl.java:156)
	at org.hibernate.resource.jdbc.internal.LogicalConnectionManagedImpl.getConnectionForTransactionManagement(LogicalConnectionManagedImpl.java:286)
	at org.hibernate.resource.jdbc.internal.LogicalConnectionManagedImpl.begin(LogicalConnectionManagedImpl.java:294)
	at org.hibernate.resource.transaction.backend.jdbc.internal.JdbcResourceLocalTransactionCoordinatorImpl$TransactionDriverControlImpl.begin(JdbcResourceLocalTransactionCoordinatorImpl.java:232)
	at org.hibernate.engine.transaction.internal.TransactionImpl.begin(TransactionImpl.java:83)
	at org.springframework.orm.jpa.vendor.HibernateJpaDialect.beginTransaction(HibernateJpaDialect.java:176)
	at org.springframework.orm.jpa.JpaTransactionManager.doBegin(JpaTransactionManager.java:420)
	... 23 common frames omitted
Caused by: java.sql.SQLTransientConnectionException: HikariPool-1 - Connection is not available, request timed out after 30013ms (total=0, active=0, idle=0, waiting=0)
	at com.zaxxer.hikari.pool.HikariPool.createTimeoutException(HikariPool.java:686)
	at com.zaxxer.hikari.pool.HikariPool.getConnection(HikariPool.java:179)
	at com.zaxxer.hikari.pool.HikariPool.getConnection(HikariPool.java:144)
	at com.zaxxer.hikari.HikariDataSource.getConnection(HikariDataSource.java:127)
	at org.hibernate.engine.jdbc.connections.internal.DatasourceConnectionProviderImpl.getConnection(DatasourceConnectionProviderImpl.java:122)
	at org.hibernate.internal.NonContextualJdbcConnectionAccess.obtainConnection(NonContextualJdbcConnectionAccess.java:46)
	at org.hibernate.resource.jdbc.internal.LogicalConnectionManagedImpl.acquireConnectionIfNeeded(LogicalConnectionManagedImpl.java:126)
	... 30 common frames omitted
Caused by: java.sql.SQLException: Listener refused the connection with the following error:
ORA-12516, TNS:listener could not find available handler with matching protocol stack
  (CONNECTION_ID=nBlDTxPTRxW0rFpx8Spgkg==)
	at oracle.jdbc.driver.T4CConnection.handleLogonNetException(T4CConnection.java:902)
	at oracle.jdbc.driver.T4CConnection.logon(T4CConnection.java:707)
	at oracle.jdbc.driver.PhysicalConnection.connect(PhysicalConnection.java:1094)
	at oracle.jdbc.driver.T4CDriverExtension.getConnection(T4CDriverExtension.java:89)
	at oracle.jdbc.driver.OracleDriver.connect(OracleDriver.java:732)
	at oracle.jdbc.driver.OracleDriver.connect(OracleDriver.java:648)
	at com.zaxxer.hikari.util.DriverDataSource.getConnection(DriverDataSource.java:137)
	at com.zaxxer.hikari.pool.PoolBase.newConnection(PoolBase.java:360)
	at com.zaxxer.hikari.pool.PoolBase.newPoolEntry(PoolBase.java:202)
	at com.zaxxer.hikari.pool.HikariPool.createPoolEntry(HikariPool.java:461)
	at com.zaxxer.hikari.pool.HikariPool$PoolEntryCreator.call(HikariPool.java:724)
	at com.zaxxer.hikari.pool.HikariPool$PoolEntryCreator.call(HikariPool.java:703)
	at java.base/java.util.concurrent.FutureTask.run(FutureTask.java:264)
	... 3 common frames omitted
Caused by: oracle.net.ns.NetException: Listener refused the connection with the following error:
ORA-12516, TNS:listener could not find available handler with matching protocol stack
  (CONNECTION_ID=nBlDTxPTRxW0rFpx8Spgkg==)
	at oracle.net.ns.NSProtocolNIO.createRefusePacketException(NSProtocolNIO.java:824)
	at oracle.net.ns.NSProtocolNIO.handleConnectPacketResponse(NSProtocolNIO.java:396)
	at oracle.net.ns.NSProtocolNIO.negotiateConnection(NSProtocolNIO.java:207)
	at oracle.net.ns.NSProtocol.connect(NSProtocol.java:354)
	at oracle.jdbc.driver.T4CConnection.connect(T4CConnection.java:2627)
	at oracle.jdbc.driver.T4CConnection.logon(T4CConnection.java:666)
	... 14 common frames omitted
2026-07-14 13:50:47.656 [scheduling-1] WARN  org.hibernate.engine.jdbc.spi.SqlExceptionHelper - SQL Error: 0, SQLState: 66000
2026-07-14 13:50:47.657 [scheduling-1] ERROR org.hibernate.engine.jdbc.spi.SqlExceptionHelper - HikariPool-1 - Connection is not available, request timed out after 30015ms (total=0, active=0, idle=0, waiting=0)
2026-07-14 13:50:47.657 [scheduling-1] WARN  org.hibernate.engine.jdbc.spi.SqlExceptionHelper - SQL Error: 12516, SQLState: 66000
2026-07-14 13:50:47.657 [scheduling-1] ERROR org.hibernate.engine.jdbc.spi.SqlExceptionHelper - Listener refused the connection with the following error:
ORA-12516, TNS:listener could not find available handler with matching protocol stack
  (CONNECTION_ID=UtyxBtXqQq+0dYwEgyhWhA==)
2026-07-14 13:50:47.657 [scheduling-1] ERROR o.s.s.support.TaskUtils$LoggingErrorHandler - Unexpected error occurred in scheduled task
org.springframework.transaction.CannotCreateTransactionException: Could not open JPA EntityManager for transaction
	at org.springframework.orm.jpa.JpaTransactionManager.doBegin(JpaTransactionManager.java:466)
	at org.springframework.transaction.support.AbstractPlatformTransactionManager.startTransaction(AbstractPlatformTransactionManager.java:532)
	at org.springframework.transaction.support.AbstractPlatformTransactionManager.getTransaction(AbstractPlatformTransactionManager.java:405)
	at org.springframework.transaction.interceptor.TransactionAspectSupport.createTransactionIfNecessary(TransactionAspectSupport.java:604)
	at org.springframework.transaction.interceptor.TransactionAspectSupport.invokeWithinTransaction(TransactionAspectSupport.java:373)
	at org.springframework.transaction.interceptor.TransactionInterceptor.invoke(TransactionInterceptor.java:119)
	at org.springframework.aop.framework.ReflectiveMethodInvocation.proceed(ReflectiveMethodInvocation.java:184)
	at org.springframework.aop.framework.CglibAopProxy$CglibMethodInvocation.proceed(CglibAopProxy.java:768)
	at org.springframework.aop.framework.CglibAopProxy$DynamicAdvisedInterceptor.intercept(CglibAopProxy.java:720)
	at com.banque.msoc.kafka.OcOutboxPublisher$$SpringCGLIB$$0.publishPendingEvents(<generated>)
	at jdk.internal.reflect.GeneratedMethodAccessor37.invoke(Unknown Source)
	at java.base/jdk.internal.reflect.DelegatingMethodAccessorImpl.invoke(DelegatingMethodAccessorImpl.java:43)
	at java.base/java.lang.reflect.Method.invoke(Method.java:569)
	at org.springframework.scheduling.support.ScheduledMethodRunnable.runInternal(ScheduledMethodRunnable.java:130)
	at org.springframework.scheduling.support.ScheduledMethodRunnable.lambda$run$2(ScheduledMethodRunnable.java:124)
	at io.micrometer.observation.Observation.observe(Observation.java:499)
	at org.springframework.scheduling.support.ScheduledMethodRunnable.run(ScheduledMethodRunnable.java:124)
	at org.springframework.scheduling.support.DelegatingErrorHandlingRunnable.run(DelegatingErrorHandlingRunnable.java:54)
	at java.base/java.util.concurrent.Executors$RunnableAdapter.call(Executors.java:539)
	at java.base/java.util.concurrent.FutureTask.runAndReset(FutureTask.java:305)
	at java.base/java.util.concurrent.ScheduledThreadPoolExecutor$ScheduledFutureTask.run(ScheduledThreadPoolExecutor.java:305)
	at java.base/java.util.concurrent.ThreadPoolExecutor.runWorker(ThreadPoolExecutor.java:1136)
	at java.base/java.util.concurrent.ThreadPoolExecutor$Worker.run(ThreadPoolExecutor.java:635)
	at java.base/java.lang.Thread.run(Thread.java:840)
Caused by: org.hibernate.exception.JDBCConnectionException: Unable to acquire JDBC Connection [HikariPool-1 - Connection is not available, request timed out after 30015ms (total=0, active=0, idle=0, waiting=0)] [n/a]
	at org.hibernate.exception.internal.SQLExceptionTypeDelegate.convert(SQLExceptionTypeDelegate.java:51)
	at org.hibernate.exception.internal.StandardSQLExceptionConverter.convert(StandardSQLExceptionConverter.java:58)
	at org.hibernate.engine.jdbc.spi.SqlExceptionHelper.convert(SqlExceptionHelper.java:108)
	at org.hibernate.engine.jdbc.spi.SqlExceptionHelper.convert(SqlExceptionHelper.java:94)
	at org.hibernate.resource.jdbc.internal.LogicalConnectionManagedImpl.acquireConnectionIfNeeded(LogicalConnectionManagedImpl.java:129)
	at org.hibernate.resource.jdbc.internal.LogicalConnectionManagedImpl.getPhysicalConnection(LogicalConnectionManagedImpl.java:156)
	at org.hibernate.resource.jdbc.internal.LogicalConnectionManagedImpl.getConnectionForTransactionManagement(LogicalConnectionManagedImpl.java:286)
	at org.hibernate.resource.jdbc.internal.LogicalConnectionManagedImpl.begin(LogicalConnectionManagedImpl.java:294)
	at org.hibernate.resource.transaction.backend.jdbc.internal.JdbcResourceLocalTransactionCoordinatorImpl$TransactionDriverControlImpl.begin(JdbcResourceLocalTransactionCoordinatorImpl.java:232)
	at org.hibernate.engine.transaction.internal.TransactionImpl.begin(TransactionImpl.java:83)
	at org.springframework.orm.jpa.vendor.HibernateJpaDialect.beginTransaction(HibernateJpaDialect.java:176)
	at org.springframework.orm.jpa.JpaTransactionManager.doBegin(JpaTransactionManager.java:420)
	... 23 common frames omitted
Caused by: java.sql.SQLTransientConnectionException: HikariPool-1 - Connection is not available, request timed out after 30015ms (total=0, active=0, idle=0, waiting=0)
	at com.zaxxer.hikari.pool.HikariPool.createTimeoutException(HikariPool.java:686)
	at com.zaxxer.hikari.pool.HikariPool.getConnection(HikariPool.java:179)
	at com.zaxxer.hikari.pool.HikariPool.getConnection(HikariPool.java:144)
	at com.zaxxer.hikari.HikariDataSource.getConnection(HikariDataSource.java:127)
	at org.hibernate.engine.jdbc.connections.internal.DatasourceConnectionProviderImpl.getConnection(DatasourceConnectionProviderImpl.java:122)
	at org.hibernate.internal.NonContextualJdbcConnectionAccess.obtainConnection(NonContextualJdbcConnectionAccess.java:46)
	at org.hibernate.resource.jdbc.internal.LogicalConnectionManagedImpl.acquireConnectionIfNeeded(LogicalConnectionManagedImpl.java:126)
	... 30 common frames omitted
Caused by: java.sql.SQLException: Listener refused the connection with the following error:
ORA-12516, TNS:listener could not find available handler with matching protocol stack
  (CONNECTION_ID=UtyxBtXqQq+0dYwEgyhWhA==)
	at oracle.jdbc.driver.T4CConnection.handleLogonNetException(T4CConnection.java:902)
	at oracle.jdbc.driver.T4CConnection.logon(T4CConnection.java:707)
	at oracle.jdbc.driver.PhysicalConnection.connect(PhysicalConnection.java:1094)
	at oracle.jdbc.driver.T4CDriverExtension.getConnection(T4CDriverExtension.java:89)
	at oracle.jdbc.driver.OracleDriver.connect(OracleDriver.java:732)
	at oracle.jdbc.driver.OracleDriver.connect(OracleDriver.java:648)
	at com.zaxxer.hikari.util.DriverDataSource.getConnection(DriverDataSource.java:137)
	at com.zaxxer.hikari.pool.PoolBase.newConnection(PoolBase.java:360)
	at com.zaxxer.hikari.pool.PoolBase.newPoolEntry(PoolBase.java:202)
	at com.zaxxer.hikari.pool.HikariPool.createPoolEntry(HikariPool.java:461)
	at com.zaxxer.hikari.pool.HikariPool$PoolEntryCreator.call(HikariPool.java:724)
	at com.zaxxer.hikari.pool.HikariPool$PoolEntryCreator.call(HikariPool.java:703)
	at java.base/java.util.concurrent.FutureTask.run(FutureTask.java:264)
	... 3 common frames omitted
Caused by: oracle.net.ns.NetException: Listener refused the connection with the following error:
ORA-12516, TNS:listener could not find available handler with matching protocol stack
  (CONNECTION_ID=UtyxBtXqQq+0dYwEgyhWhA==)
	at oracle.net.ns.NSProtocolNIO.createRefusePacketException(NSProtocolNIO.java:824)
	at oracle.net.ns.NSProtocolNIO.handleConnectPacketResponse(NSProtocolNIO.java:396)
	at oracle.net.ns.NSProtocolNIO.negotiateConnection(NSProtocolNIO.java:207)
	at oracle.net.ns.NSProtocol.connect(NSProtocol.java:354)
	at oracle.jdbc.driver.T4CConnection.connect(T4CConnection.java:2627)
	at oracle.jdbc.driver.T4CConnection.logon(T4CConnection.java:666)
	... 14 common frames omitted
2026-07-14 13:51:22.674 [scheduling-1] WARN  org.hibernate.engine.jdbc.spi.SqlExceptionHelper - SQL Error: 0, SQLState: 66000
2026-07-14 13:51:22.674 [scheduling-1] ERROR org.hibernate.engine.jdbc.spi.SqlExceptionHelper - HikariPool-1 - Connection is not available, request timed out after 30014ms (total=0, active=0, idle=0, waiting=0)
2026-07-14 13:51:22.675 [scheduling-1] WARN  org.hibernate.engine.jdbc.spi.SqlExceptionHelper - SQL Error: 12516, SQLState: 66000
2026-07-14 13:51:22.675 [scheduling-1] ERROR org.hibernate.engine.jdbc.spi.SqlExceptionHelper - Listener refused the connection with the following error:
ORA-12516, TNS:listener could not find available handler with matching protocol stack
  (CONNECTION_ID=IhIvD8W8TR+dzykeb0ihUw==)
2026-07-14 13:51:22.675 [scheduling-1] ERROR o.s.s.support.TaskUtils$LoggingErrorHandler - Unexpected error occurred in scheduled task
org.springframework.transaction.CannotCreateTransactionException: Could not open JPA EntityManager for transaction
	at org.springframework.orm.jpa.JpaTransactionManager.doBegin(JpaTransactionManager.java:466)
	at org.springframework.transaction.support.AbstractPlatformTransactionManager.startTransaction(AbstractPlatformTransactionManager.java:532)
	at org.springframework.transaction.support.AbstractPlatformTransactionManager.getTransaction(AbstractPlatformTransactionManager.java:405)
	at org.springframework.transaction.interceptor.TransactionAspectSupport.createTransactionIfNecessary(TransactionAspectSupport.java:604)
	at org.springframework.transaction.interceptor.TransactionAspectSupport.invokeWithinTransaction(TransactionAspectSupport.java:373)
	at org.springframework.transaction.interceptor.TransactionInterceptor.invoke(TransactionInterceptor.java:119)
	at org.springframework.aop.framework.ReflectiveMethodInvocation.proceed(ReflectiveMethodInvocation.java:184)
	at org.springframework.aop.framework.CglibAopProxy$CglibMethodInvocation.proceed(CglibAopProxy.java:768)
	at org.springframework.aop.framework.CglibAopProxy$DynamicAdvisedInterceptor.intercept(CglibAopProxy.java:720)
	at com.banque.msoc.kafka.OcOutboxPublisher$$SpringCGLIB$$0.publishPendingEvents(<generated>)
	at jdk.internal.reflect.GeneratedMethodAccessor37.invoke(Unknown Source)
	at java.base/jdk.internal.reflect.DelegatingMethodAccessorImpl.invoke(DelegatingMethodAccessorImpl.java:43)
	at java.base/java.lang.reflect.Method.invoke(Method.java:569)
	at org.springframework.scheduling.support.ScheduledMethodRunnable.runInternal(ScheduledMethodRunnable.java:130)
	at org.springframework.scheduling.support.ScheduledMethodRunnable.lambda$run$2(ScheduledMethodRunnable.java:124)
	at io.micrometer.observation.Observation.observe(Observation.java:499)
	at org.springframework.scheduling.support.ScheduledMethodRunnable.run(ScheduledMethodRunnable.java:124)
	at org.springframework.scheduling.support.DelegatingErrorHandlingRunnable.run(DelegatingErrorHandlingRunnable.java:54)
	at java.base/java.util.concurrent.Executors$RunnableAdapter.call(Executors.java:539)
	at java.base/java.util.concurrent.FutureTask.runAndReset(FutureTask.java:305)
	at java.base/java.util.concurrent.ScheduledThreadPoolExecutor$ScheduledFutureTask.run(ScheduledThreadPoolExecutor.java:305)
	at java.base/java.util.concurrent.ThreadPoolExecutor.runWorker(ThreadPoolExecutor.java:1136)
	at java.base/java.util.concurrent.ThreadPoolExecutor$Worker.run(ThreadPoolExecutor.java:635)
	at java.base/java.lang.Thread.run(Thread.java:840)
Caused by: org.hibernate.exception.JDBCConnectionException: Unable to acquire JDBC Connection [HikariPool-1 - Connection is not available, request timed out after 30014ms (total=0, active=0, idle=0, waiting=0)] [n/a]
	at org.hibernate.exception.internal.SQLExceptionTypeDelegate.convert(SQLExceptionTypeDelegate.java:51)
	at org.hibernate.exception.internal.StandardSQLExceptionConverter.convert(StandardSQLExceptionConverter.java:58)
	at org.hibernate.engine.jdbc.spi.SqlExceptionHelper.convert(SqlExceptionHelper.java:108)
	at org.hibernate.engine.jdbc.spi.SqlExceptionHelper.convert(SqlExceptionHelper.java:94)
	at org.hibernate.resource.jdbc.internal.LogicalConnectionManagedImpl.acquireConnectionIfNeeded(LogicalConnectionManagedImpl.java:129)
	at org.hibernate.resource.jdbc.internal.LogicalConnectionManagedImpl.getPhysicalConnection(LogicalConnectionManagedImpl.java:156)
	at org.hibernate.resource.jdbc.internal.LogicalConnectionManagedImpl.getConnectionForTransactionManagement(LogicalConnectionManagedImpl.java:286)
	at org.hibernate.resource.jdbc.internal.LogicalConnectionManagedImpl.begin(LogicalConnectionManagedImpl.java:294)
	at org.hibernate.resource.transaction.backend.jdbc.internal.JdbcResourceLocalTransactionCoordinatorImpl$TransactionDriverControlImpl.begin(JdbcResourceLocalTransactionCoordinatorImpl.java:232)
	at org.hibernate.engine.transaction.internal.TransactionImpl.begin(TransactionImpl.java:83)
	at org.springframework.orm.jpa.vendor.HibernateJpaDialect.beginTransaction(HibernateJpaDialect.java:176)
	at org.springframework.orm.jpa.JpaTransactionManager.doBegin(JpaTransactionManager.java:420)
	... 23 common frames omitted
Caused by: java.sql.SQLTransientConnectionException: HikariPool-1 - Connection is not available, request timed out after 30014ms (total=0, active=0, idle=0, waiting=0)
	at com.zaxxer.hikari.pool.HikariPool.createTimeoutException(HikariPool.java:686)
	at com.zaxxer.hikari.pool.HikariPool.getConnection(HikariPool.java:179)
	at com.zaxxer.hikari.pool.HikariPool.getConnection(HikariPool.java:144)
	at com.zaxxer.hikari.HikariDataSource.getConnection(HikariDataSource.java:127)
	at org.hibernate.engine.jdbc.connections.internal.DatasourceConnectionProviderImpl.getConnection(DatasourceConnectionProviderImpl.java:122)
	at org.hibernate.internal.NonContextualJdbcConnectionAccess.obtainConnection(NonContextualJdbcConnectionAccess.java:46)
	at org.hibernate.resource.jdbc.internal.LogicalConnectionManagedImpl.acquireConnectionIfNeeded(LogicalConnectionManagedImpl.java:126)
	... 30 common frames omitted
Caused by: java.sql.SQLException: Listener refused the connection with the following error:
ORA-12516, TNS:listener could not find available handler with matching protocol stack
  (CONNECTION_ID=IhIvD8W8TR+dzykeb0ihUw==)
	at oracle.jdbc.driver.T4CConnection.handleLogonNetException(T4CConnection.java:902)
	at oracle.jdbc.driver.T4CConnection.logon(T4CConnection.java:707)
	at oracle.jdbc.driver.PhysicalConnection.connect(PhysicalConnection.java:1094)
	at oracle.jdbc.driver.T4CDriverExtension.getConnection(T4CDriverExtension.java:89)
	at oracle.jdbc.driver.OracleDriver.connect(OracleDriver.java:732)
	at oracle.jdbc.driver.OracleDriver.connect(OracleDriver.java:648)
	at com.zaxxer.hikari.util.DriverDataSource.getConnection(DriverDataSource.java:137)
	at com.zaxxer.hikari.pool.PoolBase.newConnection(PoolBase.java:360)
	at com.zaxxer.hikari.pool.PoolBase.newPoolEntry(PoolBase.java:202)
	at com.zaxxer.hikari.pool.HikariPool.createPoolEntry(HikariPool.java:461)
	at com.zaxxer.hikari.pool.HikariPool$PoolEntryCreator.call(HikariPool.java:724)
	at com.zaxxer.hikari.pool.HikariPool$PoolEntryCreator.call(HikariPool.java:703)
	at java.base/java.util.concurrent.FutureTask.run(FutureTask.java:264)
	... 3 common frames omitted
Caused by: oracle.net.ns.NetException: Listener refused the connection with the following error:
ORA-12516, TNS:listener could not find available handler with matching protocol stack
  (CONNECTION_ID=IhIvD8W8TR+dzykeb0ihUw==)
	at oracle.net.ns.NSProtocolNIO.createRefusePacketException(NSProtocolNIO.java:824)
	at oracle.net.ns.NSProtocolNIO.handleConnectPacketResponse(NSProtocolNIO.java:396)
	at oracle.net.ns.NSProtocolNIO.negotiateConnection(NSProtocolNIO.java:207)
	at oracle.net.ns.NSProtocol.connect(NSProtocol.java:354)
	at oracle.jdbc.driver.T4CConnection.connect(T4CConnection.java:2627)
	at oracle.jdbc.driver.T4CConnection.logon(T4CConnection.java:666)
	... 14 common frames omitted
2026-07-14 13:51:57.700 [scheduling-1] WARN  org.hibernate.engine.jdbc.spi.SqlExceptionHelper - SQL Error: 0, SQLState: 66000
2026-07-14 13:51:57.700 [scheduling-1] ERROR org.hibernate.engine.jdbc.spi.SqlExceptionHelper - HikariPool-1 - Connection is not available, request timed out after 30014ms (total=0, active=0, idle=0, waiting=0)
2026-07-14 13:51:57.700 [scheduling-1] WARN  org.hibernate.engine.jdbc.spi.SqlExceptionHelper - SQL Error: 12516, SQLState: 66000
2026-07-14 13:51:57.700 [scheduling-1] ERROR org.hibernate.engine.jdbc.spi.SqlExceptionHelper - Listener refused the connection with the following error:
ORA-12516, TNS:listener could not find available handler with matching protocol stack
  (CONNECTION_ID=leMazxUPQIKjCYobvA7beA==)
2026-07-14 13:51:57.700 [scheduling-1] ERROR o.s.s.support.TaskUtils$LoggingErrorHandler - Unexpected error occurred in scheduled task
org.springframework.transaction.CannotCreateTransactionException: Could not open JPA EntityManager for transaction
	at org.springframework.orm.jpa.JpaTransactionManager.doBegin(JpaTransactionManager.java:466)
	at org.springframework.transaction.support.AbstractPlatformTransactionManager.startTransaction(AbstractPlatformTransactionManager.java:532)
	at org.springframework.transaction.support.AbstractPlatformTransactionManager.getTransaction(AbstractPlatformTransactionManager.java:405)
	at org.springframework.transaction.interceptor.TransactionAspectSupport.createTransactionIfNecessary(TransactionAspectSupport.java:604)
	at org.springframework.transaction.interceptor.TransactionAspectSupport.invokeWithinTransaction(TransactionAspectSupport.java:373)
	at org.springframework.transaction.interceptor.TransactionInterceptor.invoke(TransactionInterceptor.java:119)
	at org.springframework.aop.framework.ReflectiveMethodInvocation.proceed(ReflectiveMethodInvocation.java:184)
	at org.springframework.aop.framework.CglibAopProxy$CglibMethodInvocation.proceed(CglibAopProxy.java:768)
	at org.springframework.aop.framework.CglibAopProxy$DynamicAdvisedInterceptor.intercept(CglibAopProxy.java:720)
	at com.banque.msoc.kafka.OcOutboxPublisher$$SpringCGLIB$$0.publishPendingEvents(<generated>)
	at jdk.internal.reflect.GeneratedMethodAccessor37.invoke(Unknown Source)
	at java.base/jdk.internal.reflect.DelegatingMethodAccessorImpl.invoke(DelegatingMethodAccessorImpl.java:43)
	at java.base/java.lang.reflect.Method.invoke(Method.java:569)
	at org.springframework.scheduling.support.ScheduledMethodRunnable.runInternal(ScheduledMethodRunnable.java:130)
	at org.springframework.scheduling.support.ScheduledMethodRunnable.lambda$run$2(ScheduledMethodRunnable.java:124)
	at io.micrometer.observation.Observation.observe(Observation.java:499)
	at org.springframework.scheduling.support.ScheduledMethodRunnable.run(ScheduledMethodRunnable.java:124)
	at org.springframework.scheduling.support.DelegatingErrorHandlingRunnable.run(DelegatingErrorHandlingRunnable.java:54)
	at java.base/java.util.concurrent.Executors$RunnableAdapter.call(Executors.java:539)
	at java.base/java.util.concurrent.FutureTask.runAndReset(FutureTask.java:305)
	at java.base/java.util.concurrent.ScheduledThreadPoolExecutor$ScheduledFutureTask.run(ScheduledThreadPoolExecutor.java:305)
	at java.base/java.util.concurrent.ThreadPoolExecutor.runWorker(ThreadPoolExecutor.java:1136)
	at java.base/java.util.concurrent.ThreadPoolExecutor$Worker.run(ThreadPoolExecutor.java:635)
	at java.base/java.lang.Thread.run(Thread.java:840)
Caused by: org.hibernate.exception.JDBCConnectionException: Unable to acquire JDBC Connection [HikariPool-1 - Connection is not available, request timed out after 30014ms (total=0, active=0, idle=0, waiting=0)] [n/a]
	at org.hibernate.exception.internal.SQLExceptionTypeDelegate.convert(SQLExceptionTypeDelegate.java:51)
	at org.hibernate.exception.internal.StandardSQLExceptionConverter.convert(StandardSQLExceptionConverter.java:58)
	at org.hibernate.engine.jdbc.spi.SqlExceptionHelper.convert(SqlExceptionHelper.java:108)
	at org.hibernate.engine.jdbc.spi.SqlExceptionHelper.convert(SqlExceptionHelper.java:94)
	at org.hibernate.resource.jdbc.internal.LogicalConnectionManagedImpl.acquireConnectionIfNeeded(LogicalConnectionManagedImpl.java:129)
	at org.hibernate.resource.jdbc.internal.LogicalConnectionManagedImpl.getPhysicalConnection(LogicalConnectionManagedImpl.java:156)
	at org.hibernate.resource.jdbc.internal.LogicalConnectionManagedImpl.getConnectionForTransactionManagement(LogicalConnectionManagedImpl.java:286)
	at org.hibernate.resource.jdbc.internal.LogicalConnectionManagedImpl.begin(LogicalConnectionManagedImpl.java:294)
	at org.hibernate.resource.transaction.backend.jdbc.internal.JdbcResourceLocalTransactionCoordinatorImpl$TransactionDriverControlImpl.begin(JdbcResourceLocalTransactionCoordinatorImpl.java:232)
	at org.hibernate.engine.transaction.internal.TransactionImpl.begin(TransactionImpl.java:83)
	at org.springframework.orm.jpa.vendor.HibernateJpaDialect.beginTransaction(HibernateJpaDialect.java:176)
	at org.springframework.orm.jpa.JpaTransactionManager.doBegin(JpaTransactionManager.java:420)
	... 23 common frames omitted
Caused by: java.sql.SQLTransientConnectionException: HikariPool-1 - Connection is not available, request timed out after 30014ms (total=0, active=0, idle=0, waiting=0)
	at com.zaxxer.hikari.pool.HikariPool.createTimeoutException(HikariPool.java:686)
	at com.zaxxer.hikari.pool.HikariPool.getConnection(HikariPool.java:179)
	at com.zaxxer.hikari.pool.HikariPool.getConnection(HikariPool.java:144)
	at com.zaxxer.hikari.HikariDataSource.getConnection(HikariDataSource.java:127)
	at org.hibernate.engine.jdbc.connections.internal.DatasourceConnectionProviderImpl.getConnection(DatasourceConnectionProviderImpl.java:122)
	at org.hibernate.internal.NonContextualJdbcConnectionAccess.obtainConnection(NonContextualJdbcConnectionAccess.java:46)
	at org.hibernate.resource.jdbc.internal.LogicalConnectionManagedImpl.acquireConnectionIfNeeded(LogicalConnectionManagedImpl.java:126)
	... 30 common frames omitted
Caused by: java.sql.SQLException: Listener refused the connection with the following error:
ORA-12516, TNS:listener could not find available handler with matching protocol stack
  (CONNECTION_ID=leMazxUPQIKjCYobvA7beA==)
	at oracle.jdbc.driver.T4CConnection.handleLogonNetException(T4CConnection.java:902)
	at oracle.jdbc.driver.T4CConnection.logon(T4CConnection.java:707)
	at oracle.jdbc.driver.PhysicalConnection.connect(PhysicalConnection.java:1094)
	at oracle.jdbc.driver.T4CDriverExtension.getConnection(T4CDriverExtension.java:89)
	at oracle.jdbc.driver.OracleDriver.connect(OracleDriver.java:732)
	at oracle.jdbc.driver.OracleDriver.connect(OracleDriver.java:648)
	at com.zaxxer.hikari.util.DriverDataSource.getConnection(DriverDataSource.java:137)
	at com.zaxxer.hikari.pool.PoolBase.newConnection(PoolBase.java:360)
	at com.zaxxer.hikari.pool.PoolBase.newPoolEntry(PoolBase.java:202)
	at com.zaxxer.hikari.pool.HikariPool.createPoolEntry(HikariPool.java:461)
	at com.zaxxer.hikari.pool.HikariPool$PoolEntryCreator.call(HikariPool.java:724)
	at com.zaxxer.hikari.pool.HikariPool$PoolEntryCreator.call(HikariPool.java:703)
	at java.base/java.util.concurrent.FutureTask.run(FutureTask.java:264)
	... 3 common frames omitted
Caused by: oracle.net.ns.NetException: Listener refused the connection with the following error:
ORA-12516, TNS:listener could not find available handler with matching protocol stack
  (CONNECTION_ID=leMazxUPQIKjCYobvA7beA==)
	at oracle.net.ns.NSProtocolNIO.createRefusePacketException(NSProtocolNIO.java:824)
	at oracle.net.ns.NSProtocolNIO.handleConnectPacketResponse(NSProtocolNIO.java:396)
	at oracle.net.ns.NSProtocolNIO.negotiateConnection(NSProtocolNIO.java:207)
	at oracle.net.ns.NSProtocol.connect(NSProtocol.java:354)
	at oracle.jdbc.driver.T4CConnection.connect(T4CConnection.java:2627)
	at oracle.jdbc.driver.T4CConnection.logon(T4CConnection.java:666)
	... 14 common frames omitted
2026-07-14 13:52:32.717 [scheduling-1] WARN  org.hibernate.engine.jdbc.spi.SqlExceptionHelper - SQL Error: 0, SQLState: 66000
2026-07-14 13:52:32.718 [scheduling-1] ERROR org.hibernate.engine.jdbc.spi.SqlExceptionHelper - HikariPool-1 - Connection is not available, request timed out after 30004ms (total=0, active=0, idle=0, waiting=0)
2026-07-14 13:52:32.718 [scheduling-1] WARN  org.hibernate.engine.jdbc.spi.SqlExceptionHelper - SQL Error: 12516, SQLState: 66000
2026-07-14 13:52:32.718 [scheduling-1] ERROR org.hibernate.engine.jdbc.spi.SqlExceptionHelper - Listener refused the connection with the following error:
ORA-12516, TNS:listener could not find available handler with matching protocol stack
  (CONNECTION_ID=ZRVcA8KaSo+DkVH6+AhVww==)
2026-07-14 13:52:32.718 [scheduling-1] ERROR o.s.s.support.TaskUtils$LoggingErrorHandler - Unexpected error occurred in scheduled task
org.springframework.transaction.CannotCreateTransactionException: Could not open JPA EntityManager for transaction
	at org.springframework.orm.jpa.JpaTransactionManager.doBegin(JpaTransactionManager.java:466)
	at org.springframework.transaction.support.AbstractPlatformTransactionManager.startTransaction(AbstractPlatformTransactionManager.java:532)
	at org.springframework.transaction.support.AbstractPlatformTransactionManager.getTransaction(AbstractPlatformTransactionManager.java:405)
	at org.springframework.transaction.interceptor.TransactionAspectSupport.createTransactionIfNecessary(TransactionAspectSupport.java:604)
	at org.springframework.transaction.interceptor.TransactionAspectSupport.invokeWithinTransaction(TransactionAspectSupport.java:373)
	at org.springframework.transaction.interceptor.TransactionInterceptor.invoke(TransactionInterceptor.java:119)
	at org.springframework.aop.framework.ReflectiveMethodInvocation.proceed(ReflectiveMethodInvocation.java:184)
	at org.springframework.aop.framework.CglibAopProxy$CglibMethodInvocation.proceed(CglibAopProxy.java:768)
	at org.springframework.aop.framework.CglibAopProxy$DynamicAdvisedInterceptor.intercept(CglibAopProxy.java:720)
	at com.banque.msoc.kafka.OcOutboxPublisher$$SpringCGLIB$$0.publishPendingEvents(<generated>)
	at jdk.internal.reflect.GeneratedMethodAccessor37.invoke(Unknown Source)
	at java.base/jdk.internal.reflect.DelegatingMethodAccessorImpl.invoke(DelegatingMethodAccessorImpl.java:43)
	at java.base/java.lang.reflect.Method.invoke(Method.java:569)
	at org.springframework.scheduling.support.ScheduledMethodRunnable.runInternal(ScheduledMethodRunnable.java:130)
	at org.springframework.scheduling.support.ScheduledMethodRunnable.lambda$run$2(ScheduledMethodRunnable.java:124)
	at io.micrometer.observation.Observation.observe(Observation.java:499)
	at org.springframework.scheduling.support.ScheduledMethodRunnable.run(ScheduledMethodRunnable.java:124)
	at org.springframework.scheduling.support.DelegatingErrorHandlingRunnable.run(DelegatingErrorHandlingRunnable.java:54)
	at java.base/java.util.concurrent.Executors$RunnableAdapter.call(Executors.java:539)
	at java.base/java.util.concurrent.FutureTask.runAndReset(FutureTask.java:305)
	at java.base/java.util.concurrent.ScheduledThreadPoolExecutor$ScheduledFutureTask.run(ScheduledThreadPoolExecutor.java:305)
	at java.base/java.util.concurrent.ThreadPoolExecutor.runWorker(ThreadPoolExecutor.java:1136)
	at java.base/java.util.concurrent.ThreadPoolExecutor$Worker.run(ThreadPoolExecutor.java:635)
	at java.base/java.lang.Thread.run(Thread.java:840)
Caused by: org.hibernate.exception.JDBCConnectionException: Unable to acquire JDBC Connection [HikariPool-1 - Connection is not available, request timed out after 30004ms (total=0, active=0, idle=0, waiting=0)] [n/a]
	at org.hibernate.exception.internal.SQLExceptionTypeDelegate.convert(SQLExceptionTypeDelegate.java:51)
	at org.hibernate.exception.internal.StandardSQLExceptionConverter.convert(StandardSQLExceptionConverter.java:58)
	at org.hibernate.engine.jdbc.spi.SqlExceptionHelper.convert(SqlExceptionHelper.java:108)
	at org.hibernate.engine.jdbc.spi.SqlExceptionHelper.convert(SqlExceptionHelper.java:94)
	at org.hibernate.resource.jdbc.internal.LogicalConnectionManagedImpl.acquireConnectionIfNeeded(LogicalConnectionManagedImpl.java:129)
	at org.hibernate.resource.jdbc.internal.LogicalConnectionManagedImpl.getPhysicalConnection(LogicalConnectionManagedImpl.java:156)
	at org.hibernate.resource.jdbc.internal.LogicalConnectionManagedImpl.getConnectionForTransactionManagement(LogicalConnectionManagedImpl.java:286)
	at org.hibernate.resource.jdbc.internal.LogicalConnectionManagedImpl.begin(LogicalConnectionManagedImpl.java:294)
	at org.hibernate.resource.transaction.backend.jdbc.internal.JdbcResourceLocalTransactionCoordinatorImpl$TransactionDriverControlImpl.begin(JdbcResourceLocalTransactionCoordinatorImpl.java:232)
	at org.hibernate.engine.transaction.internal.TransactionImpl.begin(TransactionImpl.java:83)
	at org.springframework.orm.jpa.vendor.HibernateJpaDialect.beginTransaction(HibernateJpaDialect.java:176)
	at org.springframework.orm.jpa.JpaTransactionManager.doBegin(JpaTransactionManager.java:420)
	... 23 common frames omitted
Caused by: java.sql.SQLTransientConnectionException: HikariPool-1 - Connection is not available, request timed out after 30004ms (total=0, active=0, idle=0, waiting=0)
	at com.zaxxer.hikari.pool.HikariPool.createTimeoutException(HikariPool.java:686)
	at com.zaxxer.hikari.pool.HikariPool.getConnection(HikariPool.java:179)
	at com.zaxxer.hikari.pool.HikariPool.getConnection(HikariPool.java:144)
	at com.zaxxer.hikari.HikariDataSource.getConnection(HikariDataSource.java:127)
	at org.hibernate.engine.jdbc.connections.internal.DatasourceConnectionProviderImpl.getConnection(DatasourceConnectionProviderImpl.java:122)
	at org.hibernate.internal.NonContextualJdbcConnectionAccess.obtainConnection(NonContextualJdbcConnectionAccess.java:46)
	at org.hibernate.resource.jdbc.internal.LogicalConnectionManagedImpl.acquireConnectionIfNeeded(LogicalConnectionManagedImpl.java:126)
	... 30 common frames omitted
Caused by: java.sql.SQLException: Listener refused the connection with the following error:
ORA-12516, TNS:listener could not find available handler with matching protocol stack
  (CONNECTION_ID=ZRVcA8KaSo+DkVH6+AhVww==)
	at oracle.jdbc.driver.T4CConnection.handleLogonNetException(T4CConnection.java:902)
	at oracle.jdbc.driver.T4CConnection.logon(T4CConnection.java:707)
	at oracle.jdbc.driver.PhysicalConnection.connect(PhysicalConnection.java:1094)
	at oracle.jdbc.driver.T4CDriverExtension.getConnection(T4CDriverExtension.java:89)
	at oracle.jdbc.driver.OracleDriver.connect(OracleDriver.java:732)
	at oracle.jdbc.driver.OracleDriver.connect(OracleDriver.java:648)
	at com.zaxxer.hikari.util.DriverDataSource.getConnection(DriverDataSource.java:137)
	at com.zaxxer.hikari.pool.PoolBase.newConnection(PoolBase.java:360)
	at com.zaxxer.hikari.pool.PoolBase.newPoolEntry(PoolBase.java:202)
	at com.zaxxer.hikari.pool.HikariPool.createPoolEntry(HikariPool.java:461)
	at com.zaxxer.hikari.pool.HikariPool$PoolEntryCreator.call(HikariPool.java:724)
	at com.zaxxer.hikari.pool.HikariPool$PoolEntryCreator.call(HikariPool.java:703)
	at java.base/java.util.concurrent.FutureTask.run(FutureTask.java:264)
	... 3 common frames omitted
Caused by: oracle.net.ns.NetException: Listener refused the connection with the following error:
ORA-12516, TNS:listener could not find available handler with matching protocol stack
  (CONNECTION_ID=ZRVcA8KaSo+DkVH6+AhVww==)
	at oracle.net.ns.NSProtocolNIO.createRefusePacketException(NSProtocolNIO.java:824)
	at oracle.net.ns.NSProtocolNIO.handleConnectPacketResponse(NSProtocolNIO.java:396)
	at oracle.net.ns.NSProtocolNIO.negotiateConnection(NSProtocolNIO.java:207)
	at oracle.net.ns.NSProtocol.connect(NSProtocol.java:354)
	at oracle.jdbc.driver.T4CConnection.connect(T4CConnection.java:2627)
	at oracle.jdbc.driver.T4CConnection.logon(T4CConnection.java:666)
	... 14 common frames omitted
2026-07-14 13:53:07.729 [scheduling-1] WARN  org.hibernate.engine.jdbc.spi.SqlExceptionHelper - SQL Error: 0, SQLState: 66000
2026-07-14 13:53:07.729 [scheduling-1] ERROR org.hibernate.engine.jdbc.spi.SqlExceptionHelper - HikariPool-1 - Connection is not available, request timed out after 30003ms (total=0, active=0, idle=0, waiting=0)
2026-07-14 13:53:07.729 [scheduling-1] WARN  org.hibernate.engine.jdbc.spi.SqlExceptionHelper - SQL Error: 12516, SQLState: 66000
2026-07-14 13:53:07.729 [scheduling-1] ERROR org.hibernate.engine.jdbc.spi.SqlExceptionHelper - Listener refused the connection with the following error:
ORA-12516, TNS:listener could not find available handler with matching protocol stack
  (CONNECTION_ID=HOgK+m4iTEW0bgWNXCa/+A==)
2026-07-14 13:53:07.729 [scheduling-1] ERROR o.s.s.support.TaskUtils$LoggingErrorHandler - Unexpected error occurred in scheduled task
org.springframework.transaction.CannotCreateTransactionException: Could not open JPA EntityManager for transaction
	at org.springframework.orm.jpa.JpaTransactionManager.doBegin(JpaTransactionManager.java:466)
	at org.springframework.transaction.support.AbstractPlatformTransactionManager.startTransaction(AbstractPlatformTransactionManager.java:532)
	at org.springframework.transaction.support.AbstractPlatformTransactionManager.getTransaction(AbstractPlatformTransactionManager.java:405)
	at org.springframework.transaction.interceptor.TransactionAspectSupport.createTransactionIfNecessary(TransactionAspectSupport.java:604)
	at org.springframework.transaction.interceptor.TransactionAspectSupport.invokeWithinTransaction(TransactionAspectSupport.java:373)
	at org.springframework.transaction.interceptor.TransactionInterceptor.invoke(TransactionInterceptor.java:119)
	at org.springframework.aop.framework.ReflectiveMethodInvocation.proceed(ReflectiveMethodInvocation.java:184)
	at org.springframework.aop.framework.CglibAopProxy$CglibMethodInvocation.proceed(CglibAopProxy.java:768)
	at org.springframework.aop.framework.CglibAopProxy$DynamicAdvisedInterceptor.intercept(CglibAopProxy.java:720)
	at com.banque.msoc.kafka.OcOutboxPublisher$$SpringCGLIB$$0.publishPendingEvents(<generated>)
	at jdk.internal.reflect.GeneratedMethodAccessor37.invoke(Unknown Source)
	at java.base/jdk.internal.reflect.DelegatingMethodAccessorImpl.invoke(DelegatingMethodAccessorImpl.java:43)
	at java.base/java.lang.reflect.Method.invoke(Method.java:569)
	at org.springframework.scheduling.support.ScheduledMethodRunnable.runInternal(ScheduledMethodRunnable.java:130)
	at org.springframework.scheduling.support.ScheduledMethodRunnable.lambda$run$2(ScheduledMethodRunnable.java:124)
	at io.micrometer.observation.Observation.observe(Observation.java:499)
	at org.springframework.scheduling.support.ScheduledMethodRunnable.run(ScheduledMethodRunnable.java:124)
	at org.springframework.scheduling.support.DelegatingErrorHandlingRunnable.run(DelegatingErrorHandlingRunnable.java:54)
	at java.base/java.util.concurrent.Executors$RunnableAdapter.call(Executors.java:539)
	at java.base/java.util.concurrent.FutureTask.runAndReset(FutureTask.java:305)
	at java.base/java.util.concurrent.ScheduledThreadPoolExecutor$ScheduledFutureTask.run(ScheduledThreadPoolExecutor.java:305)
	at java.base/java.util.concurrent.ThreadPoolExecutor.runWorker(ThreadPoolExecutor.java:1136)
	at java.base/java.util.concurrent.ThreadPoolExecutor$Worker.run(ThreadPoolExecutor.java:635)
	at java.base/java.lang.Thread.run(Thread.java:840)
Caused by: org.hibernate.exception.JDBCConnectionException: Unable to acquire JDBC Connection [HikariPool-1 - Connection is not available, request timed out after 30003ms (total=0, active=0, idle=0, waiting=0)] [n/a]
	at org.hibernate.exception.internal.SQLExceptionTypeDelegate.convert(SQLExceptionTypeDelegate.java:51)
	at org.hibernate.exception.internal.StandardSQLExceptionConverter.convert(StandardSQLExceptionConverter.java:58)
	at org.hibernate.engine.jdbc.spi.SqlExceptionHelper.convert(SqlExceptionHelper.java:108)
	at org.hibernate.engine.jdbc.spi.SqlExceptionHelper.convert(SqlExceptionHelper.java:94)
	at org.hibernate.resource.jdbc.internal.LogicalConnectionManagedImpl.acquireConnectionIfNeeded(LogicalConnectionManagedImpl.java:129)
	at org.hibernate.resource.jdbc.internal.LogicalConnectionManagedImpl.getPhysicalConnection(LogicalConnectionManagedImpl.java:156)
	at org.hibernate.resource.jdbc.internal.LogicalConnectionManagedImpl.getConnectionForTransactionManagement(LogicalConnectionManagedImpl.java:286)
	at org.hibernate.resource.jdbc.internal.LogicalConnectionManagedImpl.begin(LogicalConnectionManagedImpl.java:294)
	at org.hibernate.resource.transaction.backend.jdbc.internal.JdbcResourceLocalTransactionCoordinatorImpl$TransactionDriverControlImpl.begin(JdbcResourceLocalTransactionCoordinatorImpl.java:232)
	at org.hibernate.engine.transaction.internal.TransactionImpl.begin(TransactionImpl.java:83)
	at org.springframework.orm.jpa.vendor.HibernateJpaDialect.beginTransaction(HibernateJpaDialect.java:176)
	at org.springframework.orm.jpa.JpaTransactionManager.doBegin(JpaTransactionManager.java:420)
	... 23 common frames omitted
Caused by: java.sql.SQLTransientConnectionException: HikariPool-1 - Connection is not available, request timed out after 30003ms (total=0, active=0, idle=0, waiting=0)
	at com.zaxxer.hikari.pool.HikariPool.createTimeoutException(HikariPool.java:686)
	at com.zaxxer.hikari.pool.HikariPool.getConnection(HikariPool.java:179)
	at com.zaxxer.hikari.pool.HikariPool.getConnection(HikariPool.java:144)
	at com.zaxxer.hikari.HikariDataSource.getConnection(HikariDataSource.java:127)
	at org.hibernate.engine.jdbc.connections.internal.DatasourceConnectionProviderImpl.getConnection(DatasourceConnectionProviderImpl.java:122)
	at org.hibernate.internal.NonContextualJdbcConnectionAccess.obtainConnection(NonContextualJdbcConnectionAccess.java:46)
	at org.hibernate.resource.jdbc.internal.LogicalConnectionManagedImpl.acquireConnectionIfNeeded(LogicalConnectionManagedImpl.java:126)
	... 30 common frames omitted
Caused by: java.sql.SQLException: Listener refused the connection with the following error:
ORA-12516, TNS:listener could not find available handler with matching protocol stack
  (CONNECTION_ID=HOgK+m4iTEW0bgWNXCa/+A==)
	at oracle.jdbc.driver.T4CConnection.handleLogonNetException(T4CConnection.java:902)
	at oracle.jdbc.driver.T4CConnection.logon(T4CConnection.java:707)
	at oracle.jdbc.driver.PhysicalConnection.connect(PhysicalConnection.java:1094)
	at oracle.jdbc.driver.T4CDriverExtension.getConnection(T4CDriverExtension.java:89)
	at oracle.jdbc.driver.OracleDriver.connect(OracleDriver.java:732)
	at oracle.jdbc.driver.OracleDriver.connect(OracleDriver.java:648)
	at com.zaxxer.hikari.util.DriverDataSource.getConnection(DriverDataSource.java:137)
	at com.zaxxer.hikari.pool.PoolBase.newConnection(PoolBase.java:360)
	at com.zaxxer.hikari.pool.PoolBase.newPoolEntry(PoolBase.java:202)
	at com.zaxxer.hikari.pool.HikariPool.createPoolEntry(HikariPool.java:461)
	at com.zaxxer.hikari.pool.HikariPool$PoolEntryCreator.call(HikariPool.java:724)
	at com.zaxxer.hikari.pool.HikariPool$PoolEntryCreator.call(HikariPool.java:703)
	at java.base/java.util.concurrent.FutureTask.run(FutureTask.java:264)
	... 3 common frames omitted
Caused by: oracle.net.ns.NetException: Listener refused the connection with the following error:
ORA-12516, TNS:listener could not find available handler with matching protocol stack
  (CONNECTION_ID=HOgK+m4iTEW0bgWNXCa/+A==)
	at oracle.net.ns.NSProtocolNIO.createRefusePacketException(NSProtocolNIO.java:824)
	at oracle.net.ns.NSProtocolNIO.handleConnectPacketResponse(NSProtocolNIO.java:396)
	at oracle.net.ns.NSProtocolNIO.negotiateConnection(NSProtocolNIO.java:207)
	at oracle.net.ns.NSProtocol.connect(NSProtocol.java:354)
	at oracle.jdbc.driver.T4CConnection.connect(T4CConnection.java:2627)
	at oracle.jdbc.driver.T4CConnection.logon(T4CConnection.java:666)
	... 14 common frames omitted
2026-07-14 14:06:26.521 [scheduling-1] WARN  com.zaxxer.hikari.pool.PoolBase - HikariPool-1 - Failed to validate connection oracle.jdbc.driver.T4CConnection@335f7ee8 (Erreur d'E/S: Invalid Operation, NOT Connected). Possibly consider using a shorter maxLifetime value.
2026-07-14 14:06:31.525 [scheduling-1] WARN  com.zaxxer.hikari.pool.PoolBase - HikariPool-1 - Failed to validate connection oracle.jdbc.driver.T4CConnection@4d842afd (Connexion interrompue). Possibly consider using a shorter maxLifetime value.
2026-07-14 14:06:36.532 [scheduling-1] WARN  com.zaxxer.hikari.pool.PoolBase - HikariPool-1 - Failed to validate connection oracle.jdbc.driver.T4CConnection@28122745 (Connexion interrompue). Possibly consider using a shorter maxLifetime value.
2026-07-14 14:06:41.664 [scheduling-1] WARN  com.zaxxer.hikari.pool.PoolBase - HikariPool-1 - Failed to validate connection oracle.jdbc.driver.T4CConnection@7010a306 (Connexion interrompue). Possibly consider using a shorter maxLifetime value.
2026-07-14 14:06:46.697 [scheduling-1] WARN  com.zaxxer.hikari.pool.PoolBase - HikariPool-1 - Failed to validate connection oracle.jdbc.driver.T4CConnection@54f4ba6e (Erreur d'E/S: Invalid Operation, NOT Connected). Possibly consider using a shorter maxLifetime value.
2026-07-14 14:06:51.699 [scheduling-1] WARN  com.zaxxer.hikari.pool.PoolBase - HikariPool-1 - Failed to validate connection oracle.jdbc.driver.T4CConnection@68781116 (Connexion interrompue). Possibly consider using a shorter maxLifetime value.
2026-07-14 14:06:51.699 [scheduling-1] WARN  org.hibernate.engine.jdbc.spi.SqlExceptionHelper - SQL Error: 0, SQLState: 08003
2026-07-14 14:06:51.699 [scheduling-1] ERROR org.hibernate.engine.jdbc.spi.SqlExceptionHelper - HikariPool-1 - Connection is not available, request timed out after 30195ms (total=4, active=0, idle=4, waiting=0)
2026-07-14 14:06:51.699 [scheduling-1] WARN  org.hibernate.engine.jdbc.spi.SqlExceptionHelper - SQL Error: 17008, SQLState: 08003
2026-07-14 14:06:51.699 [scheduling-1] ERROR org.hibernate.engine.jdbc.spi.SqlExceptionHelper - Connexion interrompue
2026-07-14 14:06:51.699 [scheduling-1] ERROR o.s.s.support.TaskUtils$LoggingErrorHandler - Unexpected error occurred in scheduled task
org.springframework.transaction.CannotCreateTransactionException: Could not open JPA EntityManager for transaction
	at org.springframework.orm.jpa.JpaTransactionManager.doBegin(JpaTransactionManager.java:466)
	at org.springframework.transaction.support.AbstractPlatformTransactionManager.startTransaction(AbstractPlatformTransactionManager.java:532)
	at org.springframework.transaction.support.AbstractPlatformTransactionManager.getTransaction(AbstractPlatformTransactionManager.java:405)
	at org.springframework.transaction.interceptor.TransactionAspectSupport.createTransactionIfNecessary(TransactionAspectSupport.java:604)
	at org.springframework.transaction.interceptor.TransactionAspectSupport.invokeWithinTransaction(TransactionAspectSupport.java:373)
	at org.springframework.transaction.interceptor.TransactionInterceptor.invoke(TransactionInterceptor.java:119)
	at org.springframework.aop.framework.ReflectiveMethodInvocation.proceed(ReflectiveMethodInvocation.java:184)
	at org.springframework.aop.framework.CglibAopProxy$CglibMethodInvocation.proceed(CglibAopProxy.java:768)
	at org.springframework.aop.framework.CglibAopProxy$DynamicAdvisedInterceptor.intercept(CglibAopProxy.java:720)
	at com.banque.msoc.kafka.OcOutboxPublisher$$SpringCGLIB$$0.publishPendingEvents(<generated>)
	at jdk.internal.reflect.GeneratedMethodAccessor37.invoke(Unknown Source)
	at java.base/jdk.internal.reflect.DelegatingMethodAccessorImpl.invoke(DelegatingMethodAccessorImpl.java:43)
	at java.base/java.lang.reflect.Method.invoke(Method.java:569)
	at org.springframework.scheduling.support.ScheduledMethodRunnable.runInternal(ScheduledMethodRunnable.java:130)
	at org.springframework.scheduling.support.ScheduledMethodRunnable.lambda$run$2(ScheduledMethodRunnable.java:124)
	at io.micrometer.observation.Observation.observe(Observation.java:499)
	at org.springframework.scheduling.support.ScheduledMethodRunnable.run(ScheduledMethodRunnable.java:124)
	at org.springframework.scheduling.support.DelegatingErrorHandlingRunnable.run(DelegatingErrorHandlingRunnable.java:54)
	at java.base/java.util.concurrent.Executors$RunnableAdapter.call(Executors.java:539)
	at java.base/java.util.concurrent.FutureTask.runAndReset(FutureTask.java:305)
	at java.base/java.util.concurrent.ScheduledThreadPoolExecutor$ScheduledFutureTask.run(ScheduledThreadPoolExecutor.java:305)
	at java.base/java.util.concurrent.ThreadPoolExecutor.runWorker(ThreadPoolExecutor.java:1136)
	at java.base/java.util.concurrent.ThreadPoolExecutor$Worker.run(ThreadPoolExecutor.java:635)
	at java.base/java.lang.Thread.run(Thread.java:840)
Caused by: org.hibernate.exception.JDBCConnectionException: Unable to acquire JDBC Connection [HikariPool-1 - Connection is not available, request timed out after 30195ms (total=4, active=0, idle=4, waiting=0)] [n/a]
	at org.hibernate.exception.internal.SQLExceptionTypeDelegate.convert(SQLExceptionTypeDelegate.java:51)
	at org.hibernate.exception.internal.StandardSQLExceptionConverter.convert(StandardSQLExceptionConverter.java:58)
	at org.hibernate.engine.jdbc.spi.SqlExceptionHelper.convert(SqlExceptionHelper.java:108)
	at org.hibernate.engine.jdbc.spi.SqlExceptionHelper.convert(SqlExceptionHelper.java:94)
	at org.hibernate.resource.jdbc.internal.LogicalConnectionManagedImpl.acquireConnectionIfNeeded(LogicalConnectionManagedImpl.java:129)
	at org.hibernate.resource.jdbc.internal.LogicalConnectionManagedImpl.getPhysicalConnection(LogicalConnectionManagedImpl.java:156)
	at org.hibernate.resource.jdbc.internal.LogicalConnectionManagedImpl.getConnectionForTransactionManagement(LogicalConnectionManagedImpl.java:286)
	at org.hibernate.resource.jdbc.internal.LogicalConnectionManagedImpl.begin(LogicalConnectionManagedImpl.java:294)
	at org.hibernate.resource.transaction.backend.jdbc.internal.JdbcResourceLocalTransactionCoordinatorImpl$TransactionDriverControlImpl.begin(JdbcResourceLocalTransactionCoordinatorImpl.java:232)
	at org.hibernate.engine.transaction.internal.TransactionImpl.begin(TransactionImpl.java:83)
	at org.springframework.orm.jpa.vendor.HibernateJpaDialect.beginTransaction(HibernateJpaDialect.java:176)
	at org.springframework.orm.jpa.JpaTransactionManager.doBegin(JpaTransactionManager.java:420)
	... 23 common frames omitted
Caused by: java.sql.SQLTransientConnectionException: HikariPool-1 - Connection is not available, request timed out after 30195ms (total=4, active=0, idle=4, waiting=0)
	at com.zaxxer.hikari.pool.HikariPool.createTimeoutException(HikariPool.java:686)
	at com.zaxxer.hikari.pool.HikariPool.getConnection(HikariPool.java:179)
	at com.zaxxer.hikari.pool.HikariPool.getConnection(HikariPool.java:144)
	at com.zaxxer.hikari.HikariDataSource.getConnection(HikariDataSource.java:127)
	at org.hibernate.engine.jdbc.connections.internal.DatasourceConnectionProviderImpl.getConnection(DatasourceConnectionProviderImpl.java:122)
	at org.hibernate.internal.NonContextualJdbcConnectionAccess.obtainConnection(NonContextualJdbcConnectionAccess.java:46)
	at org.hibernate.resource.jdbc.internal.LogicalConnectionManagedImpl.acquireConnectionIfNeeded(LogicalConnectionManagedImpl.java:126)
	... 30 common frames omitted
Caused by: java.sql.SQLRecoverableException: Connexion interrompue
	at oracle.jdbc.driver.T4CConnection.doSetNetworkTimeout(T4CConnection.java:10144)
	at oracle.jdbc.driver.PhysicalConnection.setNetworkTimeout(PhysicalConnection.java:10245)
	at com.zaxxer.hikari.pool.PoolBase.setNetworkTimeout(PoolBase.java:562)
	at com.zaxxer.hikari.pool.PoolBase.isConnectionDead(PoolBase.java:169)
	at com.zaxxer.hikari.pool.HikariPool.getConnection(HikariPool.java:168)
	... 35 common frames omitted
2026-07-14 14:07:01.715 [scheduling-1] WARN  com.zaxxer.hikari.pool.PoolBase - HikariPool-1 - Failed to validate connection oracle.jdbc.driver.T4CConnection@3310b61d (Erreur d'E/S: Invalid Operation, NOT Connected). Possibly consider using a shorter maxLifetime value.
2026-07-14 14:07:06.725 [scheduling-1] WARN  com.zaxxer.hikari.pool.PoolBase - HikariPool-1 - Failed to validate connection oracle.jdbc.driver.T4CConnection@73f23bdb (Erreur d'E/S: Invalid Operation, NOT Connected). Possibly consider using a shorter maxLifetime value.
2026-07-14 14:07:11.739 [scheduling-1] WARN  com.zaxxer.hikari.pool.PoolBase - HikariPool-1 - Failed to validate connection oracle.jdbc.driver.T4CConnection@354dc927 (Erreur d'E/S: Invalid Operation, NOT Connected). Possibly consider using a shorter maxLifetime value.
2026-07-14 14:07:16.755 [scheduling-1] WARN  com.zaxxer.hikari.pool.PoolBase - HikariPool-1 - Failed to validate connection oracle.jdbc.driver.T4CConnection@5ad35688 (Erreur d'E/S: Invalid Operation, NOT Connected). Possibly consider using a shorter maxLifetime value.
2026-07-14 14:07:26.709 [scheduling-1] WARN  org.hibernate.engine.jdbc.spi.SqlExceptionHelper - SQL Error: 0, SQLState: 08006
2026-07-14 14:07:26.710 [scheduling-1] ERROR org.hibernate.engine.jdbc.spi.SqlExceptionHelper - HikariPool-1 - Connection is not available, request timed out after 30002ms (total=0, active=0, idle=0, waiting=0)
2026-07-14 14:07:26.710 [scheduling-1] WARN  org.hibernate.engine.jdbc.spi.SqlExceptionHelper - SQL Error: 17002, SQLState: 08006
2026-07-14 14:07:26.710 [scheduling-1] ERROR org.hibernate.engine.jdbc.spi.SqlExceptionHelper - Erreur d'E/S: The Network Adapter could not establish the connection (CONNECTION_ID=4C3HyfhRSa6jAdDXfRi9sA==)
2026-07-14 14:07:26.710 [scheduling-1] ERROR o.s.s.support.TaskUtils$LoggingErrorHandler - Unexpected error occurred in scheduled task
org.springframework.transaction.CannotCreateTransactionException: Could not open JPA EntityManager for transaction
	at org.springframework.orm.jpa.JpaTransactionManager.doBegin(JpaTransactionManager.java:466)
	at org.springframework.transaction.support.AbstractPlatformTransactionManager.startTransaction(AbstractPlatformTransactionManager.java:532)
	at org.springframework.transaction.support.AbstractPlatformTransactionManager.getTransaction(AbstractPlatformTransactionManager.java:405)
	at org.springframework.transaction.interceptor.TransactionAspectSupport.createTransactionIfNecessary(TransactionAspectSupport.java:604)
	at org.springframework.transaction.interceptor.TransactionAspectSupport.invokeWithinTransaction(TransactionAspectSupport.java:373)
	at org.springframework.transaction.interceptor.TransactionInterceptor.invoke(TransactionInterceptor.java:119)
	at org.springframework.aop.framework.ReflectiveMethodInvocation.proceed(ReflectiveMethodInvocation.java:184)
	at org.springframework.aop.framework.CglibAopProxy$CglibMethodInvocation.proceed(CglibAopProxy.java:768)
	at org.springframework.aop.framework.CglibAopProxy$DynamicAdvisedInterceptor.intercept(CglibAopProxy.java:720)
	at com.banque.msoc.kafka.OcOutboxPublisher$$SpringCGLIB$$0.publishPendingEvents(<generated>)
	at jdk.internal.reflect.GeneratedMethodAccessor37.invoke(Unknown Source)
	at java.base/jdk.internal.reflect.DelegatingMethodAccessorImpl.invoke(DelegatingMethodAccessorImpl.java:43)
	at java.base/java.lang.reflect.Method.invoke(Method.java:569)
	at org.springframework.scheduling.support.ScheduledMethodRunnable.runInternal(ScheduledMethodRunnable.java:130)
	at org.springframework.scheduling.support.ScheduledMethodRunnable.lambda$run$2(ScheduledMethodRunnable.java:124)
	at io.micrometer.observation.Observation.observe(Observation.java:499)
	at org.springframework.scheduling.support.ScheduledMethodRunnable.run(ScheduledMethodRunnable.java:124)
	at org.springframework.scheduling.support.DelegatingErrorHandlingRunnable.run(DelegatingErrorHandlingRunnable.java:54)
	at java.base/java.util.concurrent.Executors$RunnableAdapter.call(Executors.java:539)
	at java.base/java.util.concurrent.FutureTask.runAndReset(FutureTask.java:305)
	at java.base/java.util.concurrent.ScheduledThreadPoolExecutor$ScheduledFutureTask.run(ScheduledThreadPoolExecutor.java:305)
	at java.base/java.util.concurrent.ThreadPoolExecutor.runWorker(ThreadPoolExecutor.java:1136)
	at java.base/java.util.concurrent.ThreadPoolExecutor$Worker.run(ThreadPoolExecutor.java:635)
	at java.base/java.lang.Thread.run(Thread.java:840)
Caused by: org.hibernate.exception.JDBCConnectionException: Unable to acquire JDBC Connection [HikariPool-1 - Connection is not available, request timed out after 30002ms (total=0, active=0, idle=0, waiting=0)] [n/a]
	at org.hibernate.exception.internal.SQLExceptionTypeDelegate.convert(SQLExceptionTypeDelegate.java:51)
	at org.hibernate.exception.internal.StandardSQLExceptionConverter.convert(StandardSQLExceptionConverter.java:58)
	at org.hibernate.engine.jdbc.spi.SqlExceptionHelper.convert(SqlExceptionHelper.java:108)
	at org.hibernate.engine.jdbc.spi.SqlExceptionHelper.convert(SqlExceptionHelper.java:94)
	at org.hibernate.resource.jdbc.internal.LogicalConnectionManagedImpl.acquireConnectionIfNeeded(LogicalConnectionManagedImpl.java:129)
	at org.hibernate.resource.jdbc.internal.LogicalConnectionManagedImpl.getPhysicalConnection(LogicalConnectionManagedImpl.java:156)
	at org.hibernate.resource.jdbc.internal.LogicalConnectionManagedImpl.getConnectionForTransactionManagement(LogicalConnectionManagedImpl.java:286)
	at org.hibernate.resource.jdbc.internal.LogicalConnectionManagedImpl.begin(LogicalConnectionManagedImpl.java:294)
	at org.hibernate.resource.transaction.backend.jdbc.internal.JdbcResourceLocalTransactionCoordinatorImpl$TransactionDriverControlImpl.begin(JdbcResourceLocalTransactionCoordinatorImpl.java:232)
	at org.hibernate.engine.transaction.internal.TransactionImpl.begin(TransactionImpl.java:83)
	at org.springframework.orm.jpa.vendor.HibernateJpaDialect.beginTransaction(HibernateJpaDialect.java:176)
	at org.springframework.orm.jpa.JpaTransactionManager.doBegin(JpaTransactionManager.java:420)
	... 23 common frames omitted
Caused by: java.sql.SQLTransientConnectionException: HikariPool-1 - Connection is not available, request timed out after 30002ms (total=0, active=0, idle=0, waiting=0)
	at com.zaxxer.hikari.pool.HikariPool.createTimeoutException(HikariPool.java:686)
	at com.zaxxer.hikari.pool.HikariPool.getConnection(HikariPool.java:179)
	at com.zaxxer.hikari.pool.HikariPool.getConnection(HikariPool.java:144)
	at com.zaxxer.hikari.HikariDataSource.getConnection(HikariDataSource.java:127)
	at org.hibernate.engine.jdbc.connections.internal.DatasourceConnectionProviderImpl.getConnection(DatasourceConnectionProviderImpl.java:122)
	at org.hibernate.internal.NonContextualJdbcConnectionAccess.obtainConnection(NonContextualJdbcConnectionAccess.java:46)
	at org.hibernate.resource.jdbc.internal.LogicalConnectionManagedImpl.acquireConnectionIfNeeded(LogicalConnectionManagedImpl.java:126)
	... 30 common frames omitted
Caused by: java.sql.SQLRecoverableException: Erreur d'E/S: The Network Adapter could not establish the connection (CONNECTION_ID=4C3HyfhRSa6jAdDXfRi9sA==)
	at oracle.jdbc.driver.T4CConnection.handleLogonNetException(T4CConnection.java:902)
	at oracle.jdbc.driver.T4CConnection.logon(T4CConnection.java:707)
	at oracle.jdbc.driver.PhysicalConnection.connect(PhysicalConnection.java:1094)
	at oracle.jdbc.driver.T4CDriverExtension.getConnection(T4CDriverExtension.java:89)
	at oracle.jdbc.driver.OracleDriver.connect(OracleDriver.java:732)
	at oracle.jdbc.driver.OracleDriver.connect(OracleDriver.java:648)
	at com.zaxxer.hikari.util.DriverDataSource.getConnection(DriverDataSource.java:137)
	at com.zaxxer.hikari.pool.PoolBase.newConnection(PoolBase.java:360)
	at com.zaxxer.hikari.pool.PoolBase.newPoolEntry(PoolBase.java:202)
	at com.zaxxer.hikari.pool.HikariPool.createPoolEntry(HikariPool.java:461)
	at com.zaxxer.hikari.pool.HikariPool$PoolEntryCreator.call(HikariPool.java:724)
	at com.zaxxer.hikari.pool.HikariPool$PoolEntryCreator.call(HikariPool.java:703)
	at java.base/java.util.concurrent.FutureTask.run(FutureTask.java:264)
	... 3 common frames omitted
Caused by: oracle.net.ns.NetException: The Network Adapter could not establish the connection (CONNECTION_ID=4C3HyfhRSa6jAdDXfRi9sA==)
	at oracle.net.nt.ConnStrategy.execute(ConnStrategy.java:715)
	at oracle.net.resolver.AddrResolution.resolveAndExecute(AddrResolution.java:584)
	at oracle.net.ns.NSProtocol.establishConnection(NSProtocol.java:964)
	at oracle.net.ns.NSProtocol.connect(NSProtocol.java:350)
	at oracle.jdbc.driver.T4CConnection.connect(T4CConnection.java:2627)
	at oracle.jdbc.driver.T4CConnection.logon(T4CConnection.java:666)
	... 14 common frames omitted
Caused by: java.io.IOException: No route to host: connect, socket connect lapse 1 ms. 37.187.250.163 1521  30000 (1/1) true
	at oracle.net.nt.TcpNTAdapter.establishSocket(TcpNTAdapter.java:425)
	at oracle.net.nt.TcpNTAdapter.doLocalDNSLookupConnect(TcpNTAdapter.java:307)
	at oracle.net.nt.TcpNTAdapter.connect(TcpNTAdapter.java:269)
	at oracle.net.nt.ConnOption.connect(ConnOption.java:230)
	at oracle.net.nt.ConnStrategy.executeConnOption(ConnStrategy.java:1014)
	at oracle.net.nt.ConnStrategy.execute(ConnStrategy.java:673)
	... 19 common frames omitted
Caused by: java.net.NoRouteToHostException: No route to host: connect
	at java.base/sun.nio.ch.Net.connect0(Native Method)
	at java.base/sun.nio.ch.Net.connect(Net.java:591)
	at java.base/sun.nio.ch.Net.connect(Net.java:598)
	at java.base/sun.nio.ch.SocketChannelImpl.connect(SocketChannelImpl.java:853)
	at java.base/java.nio.channels.SocketChannel.open(SocketChannel.java:285)
	at oracle.net.nt.TimeoutSocketChannel.connect(TimeoutSocketChannel.java:183)
	at oracle.net.nt.TimeoutSocketChannel.<init>(TimeoutSocketChannel.java:157)
	at oracle.net.nt.TcpNTAdapter.establishSocket(TcpNTAdapter.java:384)
	... 24 common frames omitted
2026-07-14 14:08:01.732 [scheduling-1] WARN  org.hibernate.engine.jdbc.spi.SqlExceptionHelper - SQL Error: 0, SQLState: 66000
2026-07-14 14:08:01.734 [scheduling-1] ERROR org.hibernate.engine.jdbc.spi.SqlExceptionHelper - HikariPool-1 - Connection is not available, request timed out after 30014ms (total=0, active=0, idle=0, waiting=0)
2026-07-14 14:08:01.734 [scheduling-1] WARN  org.hibernate.engine.jdbc.spi.SqlExceptionHelper - SQL Error: 12516, SQLState: 66000
2026-07-14 14:08:01.734 [scheduling-1] ERROR org.hibernate.engine.jdbc.spi.SqlExceptionHelper - Listener refused the connection with the following error:
ORA-12516, TNS:listener could not find available handler with matching protocol stack
  (CONNECTION_ID=2Y/E0XPxRuW3ISk8u5QT4Q==)
2026-07-14 14:08:01.734 [scheduling-1] ERROR o.s.s.support.TaskUtils$LoggingErrorHandler - Unexpected error occurred in scheduled task
org.springframework.transaction.CannotCreateTransactionException: Could not open JPA EntityManager for transaction
	at org.springframework.orm.jpa.JpaTransactionManager.doBegin(JpaTransactionManager.java:466)
	at org.springframework.transaction.support.AbstractPlatformTransactionManager.startTransaction(AbstractPlatformTransactionManager.java:532)
	at org.springframework.transaction.support.AbstractPlatformTransactionManager.getTransaction(AbstractPlatformTransactionManager.java:405)
	at org.springframework.transaction.interceptor.TransactionAspectSupport.createTransactionIfNecessary(TransactionAspectSupport.java:604)
	at org.springframework.transaction.interceptor.TransactionAspectSupport.invokeWithinTransaction(TransactionAspectSupport.java:373)
	at org.springframework.transaction.interceptor.TransactionInterceptor.invoke(TransactionInterceptor.java:119)
	at org.springframework.aop.framework.ReflectiveMethodInvocation.proceed(ReflectiveMethodInvocation.java:184)
	at org.springframework.aop.framework.CglibAopProxy$CglibMethodInvocation.proceed(CglibAopProxy.java:768)
	at org.springframework.aop.framework.CglibAopProxy$DynamicAdvisedInterceptor.intercept(CglibAopProxy.java:720)
	at com.banque.msoc.kafka.OcOutboxPublisher$$SpringCGLIB$$0.publishPendingEvents(<generated>)
	at jdk.internal.reflect.GeneratedMethodAccessor37.invoke(Unknown Source)
	at java.base/jdk.internal.reflect.DelegatingMethodAccessorImpl.invoke(DelegatingMethodAccessorImpl.java:43)
	at java.base/java.lang.reflect.Method.invoke(Method.java:569)
	at org.springframework.scheduling.support.ScheduledMethodRunnable.runInternal(ScheduledMethodRunnable.java:130)
	at org.springframework.scheduling.support.ScheduledMethodRunnable.lambda$run$2(ScheduledMethodRunnable.java:124)
	at io.micrometer.observation.Observation.observe(Observation.java:499)
	at org.springframework.scheduling.support.ScheduledMethodRunnable.run(ScheduledMethodRunnable.java:124)
	at org.springframework.scheduling.support.DelegatingErrorHandlingRunnable.run(DelegatingErrorHandlingRunnable.java:54)
	at java.base/java.util.concurrent.Executors$RunnableAdapter.call(Executors.java:539)
	at java.base/java.util.concurrent.FutureTask.runAndReset(FutureTask.java:305)
	at java.base/java.util.concurrent.ScheduledThreadPoolExecutor$ScheduledFutureTask.run(ScheduledThreadPoolExecutor.java:305)
	at java.base/java.util.concurrent.ThreadPoolExecutor.runWorker(ThreadPoolExecutor.java:1136)
	at java.base/java.util.concurrent.ThreadPoolExecutor$Worker.run(ThreadPoolExecutor.java:635)
	at java.base/java.lang.Thread.run(Thread.java:840)
Caused by: org.hibernate.exception.JDBCConnectionException: Unable to acquire JDBC Connection [HikariPool-1 - Connection is not available, request timed out after 30014ms (total=0, active=0, idle=0, waiting=0)] [n/a]
	at org.hibernate.exception.internal.SQLExceptionTypeDelegate.convert(SQLExceptionTypeDelegate.java:51)
	at org.hibernate.exception.internal.StandardSQLExceptionConverter.convert(StandardSQLExceptionConverter.java:58)
	at org.hibernate.engine.jdbc.spi.SqlExceptionHelper.convert(SqlExceptionHelper.java:108)
	at org.hibernate.engine.jdbc.spi.SqlExceptionHelper.convert(SqlExceptionHelper.java:94)
	at org.hibernate.resource.jdbc.internal.LogicalConnectionManagedImpl.acquireConnectionIfNeeded(LogicalConnectionManagedImpl.java:129)
	at org.hibernate.resource.jdbc.internal.LogicalConnectionManagedImpl.getPhysicalConnection(LogicalConnectionManagedImpl.java:156)
	at org.hibernate.resource.jdbc.internal.LogicalConnectionManagedImpl.getConnectionForTransactionManagement(LogicalConnectionManagedImpl.java:286)
	at org.hibernate.resource.jdbc.internal.LogicalConnectionManagedImpl.begin(LogicalConnectionManagedImpl.java:294)
	at org.hibernate.resource.transaction.backend.jdbc.internal.JdbcResourceLocalTransactionCoordinatorImpl$TransactionDriverControlImpl.begin(JdbcResourceLocalTransactionCoordinatorImpl.java:232)
	at org.hibernate.engine.transaction.internal.TransactionImpl.begin(TransactionImpl.java:83)
	at org.springframework.orm.jpa.vendor.HibernateJpaDialect.beginTransaction(HibernateJpaDialect.java:176)
	at org.springframework.orm.jpa.JpaTransactionManager.doBegin(JpaTransactionManager.java:420)
	... 23 common frames omitted
Caused by: java.sql.SQLTransientConnectionException: HikariPool-1 - Connection is not available, request timed out after 30014ms (total=0, active=0, idle=0, waiting=0)
	at com.zaxxer.hikari.pool.HikariPool.createTimeoutException(HikariPool.java:686)
	at com.zaxxer.hikari.pool.HikariPool.getConnection(HikariPool.java:179)
	at com.zaxxer.hikari.pool.HikariPool.getConnection(HikariPool.java:144)
	at com.zaxxer.hikari.HikariDataSource.getConnection(HikariDataSource.java:127)
	at org.hibernate.engine.jdbc.connections.internal.DatasourceConnectionProviderImpl.getConnection(DatasourceConnectionProviderImpl.java:122)
	at org.hibernate.internal.NonContextualJdbcConnectionAccess.obtainConnection(NonContextualJdbcConnectionAccess.java:46)
	at org.hibernate.resource.jdbc.internal.LogicalConnectionManagedImpl.acquireConnectionIfNeeded(LogicalConnectionManagedImpl.java:126)
	... 30 common frames omitted
Caused by: java.sql.SQLException: Listener refused the connection with the following error:
ORA-12516, TNS:listener could not find available handler with matching protocol stack
  (CONNECTION_ID=2Y/E0XPxRuW3ISk8u5QT4Q==)
	at oracle.jdbc.driver.T4CConnection.handleLogonNetException(T4CConnection.java:902)
	at oracle.jdbc.driver.T4CConnection.logon(T4CConnection.java:707)
	at oracle.jdbc.driver.PhysicalConnection.connect(PhysicalConnection.java:1094)
	at oracle.jdbc.driver.T4CDriverExtension.getConnection(T4CDriverExtension.java:89)
	at oracle.jdbc.driver.OracleDriver.connect(OracleDriver.java:732)
	at oracle.jdbc.driver.OracleDriver.connect(OracleDriver.java:648)
	at com.zaxxer.hikari.util.DriverDataSource.getConnection(DriverDataSource.java:137)
	at com.zaxxer.hikari.pool.PoolBase.newConnection(PoolBase.java:360)
	at com.zaxxer.hikari.pool.PoolBase.newPoolEntry(PoolBase.java:202)
	at com.zaxxer.hikari.pool.HikariPool.createPoolEntry(HikariPool.java:461)
	at com.zaxxer.hikari.pool.HikariPool$PoolEntryCreator.call(HikariPool.java:724)
	at com.zaxxer.hikari.pool.HikariPool$PoolEntryCreator.call(HikariPool.java:703)
	at java.base/java.util.concurrent.FutureTask.run(FutureTask.java:264)
	... 3 common frames omitted
Caused by: oracle.net.ns.NetException: Listener refused the connection with the following error:
ORA-12516, TNS:listener could not find available handler with matching protocol stack
  (CONNECTION_ID=2Y/E0XPxRuW3ISk8u5QT4Q==)
	at oracle.net.ns.NSProtocolNIO.createRefusePacketException(NSProtocolNIO.java:824)
	at oracle.net.ns.NSProtocolNIO.handleConnectPacketResponse(NSProtocolNIO.java:396)
	at oracle.net.ns.NSProtocolNIO.negotiateConnection(NSProtocolNIO.java:207)
	at oracle.net.ns.NSProtocol.connect(NSProtocol.java:354)
	at oracle.jdbc.driver.T4CConnection.connect(T4CConnection.java:2627)
	at oracle.jdbc.driver.T4CConnection.logon(T4CConnection.java:666)
	... 14 common frames omitted
2026-07-14 14:08:36.751 [scheduling-1] WARN  org.hibernate.engine.jdbc.spi.SqlExceptionHelper - SQL Error: 0, SQLState: 66000
2026-07-14 14:08:36.751 [scheduling-1] ERROR org.hibernate.engine.jdbc.spi.SqlExceptionHelper - HikariPool-1 - Connection is not available, request timed out after 30006ms (total=0, active=0, idle=0, waiting=0)
2026-07-14 14:08:36.751 [scheduling-1] WARN  org.hibernate.engine.jdbc.spi.SqlExceptionHelper - SQL Error: 12516, SQLState: 66000
2026-07-14 14:08:36.751 [scheduling-1] ERROR org.hibernate.engine.jdbc.spi.SqlExceptionHelper - Listener refused the connection with the following error:
ORA-12516, TNS:listener could not find available handler with matching protocol stack
  (CONNECTION_ID=yMdWcU2CQEK3IuqgJLJItg==)
2026-07-14 14:08:36.751 [scheduling-1] ERROR o.s.s.support.TaskUtils$LoggingErrorHandler - Unexpected error occurred in scheduled task
org.springframework.transaction.CannotCreateTransactionException: Could not open JPA EntityManager for transaction
	at org.springframework.orm.jpa.JpaTransactionManager.doBegin(JpaTransactionManager.java:466)
	at org.springframework.transaction.support.AbstractPlatformTransactionManager.startTransaction(AbstractPlatformTransactionManager.java:532)
	at org.springframework.transaction.support.AbstractPlatformTransactionManager.getTransaction(AbstractPlatformTransactionManager.java:405)
	at org.springframework.transaction.interceptor.TransactionAspectSupport.createTransactionIfNecessary(TransactionAspectSupport.java:604)
	at org.springframework.transaction.interceptor.TransactionAspectSupport.invokeWithinTransaction(TransactionAspectSupport.java:373)
	at org.springframework.transaction.interceptor.TransactionInterceptor.invoke(TransactionInterceptor.java:119)
	at org.springframework.aop.framework.ReflectiveMethodInvocation.proceed(ReflectiveMethodInvocation.java:184)
	at org.springframework.aop.framework.CglibAopProxy$CglibMethodInvocation.proceed(CglibAopProxy.java:768)
	at org.springframework.aop.framework.CglibAopProxy$DynamicAdvisedInterceptor.intercept(CglibAopProxy.java:720)
	at com.banque.msoc.kafka.OcOutboxPublisher$$SpringCGLIB$$0.publishPendingEvents(<generated>)
	at jdk.internal.reflect.GeneratedMethodAccessor37.invoke(Unknown Source)
	at java.base/jdk.internal.reflect.DelegatingMethodAccessorImpl.invoke(DelegatingMethodAccessorImpl.java:43)
	at java.base/java.lang.reflect.Method.invoke(Method.java:569)
	at org.springframework.scheduling.support.ScheduledMethodRunnable.runInternal(ScheduledMethodRunnable.java:130)
	at org.springframework.scheduling.support.ScheduledMethodRunnable.lambda$run$2(ScheduledMethodRunnable.java:124)
	at io.micrometer.observation.Observation.observe(Observation.java:499)
	at org.springframework.scheduling.support.ScheduledMethodRunnable.run(ScheduledMethodRunnable.java:124)
	at org.springframework.scheduling.support.DelegatingErrorHandlingRunnable.run(DelegatingErrorHandlingRunnable.java:54)
	at java.base/java.util.concurrent.Executors$RunnableAdapter.call(Executors.java:539)
	at java.base/java.util.concurrent.FutureTask.runAndReset(FutureTask.java:305)
	at java.base/java.util.concurrent.ScheduledThreadPoolExecutor$ScheduledFutureTask.run(ScheduledThreadPoolExecutor.java:305)
	at java.base/java.util.concurrent.ThreadPoolExecutor.runWorker(ThreadPoolExecutor.java:1136)
	at java.base/java.util.concurrent.ThreadPoolExecutor$Worker.run(ThreadPoolExecutor.java:635)
	at java.base/java.lang.Thread.run(Thread.java:840)
Caused by: org.hibernate.exception.JDBCConnectionException: Unable to acquire JDBC Connection [HikariPool-1 - Connection is not available, request timed out after 30006ms (total=0, active=0, idle=0, waiting=0)] [n/a]
	at org.hibernate.exception.internal.SQLExceptionTypeDelegate.convert(SQLExceptionTypeDelegate.java:51)
	at org.hibernate.exception.internal.StandardSQLExceptionConverter.convert(StandardSQLExceptionConverter.java:58)
	at org.hibernate.engine.jdbc.spi.SqlExceptionHelper.convert(SqlExceptionHelper.java:108)
	at org.hibernate.engine.jdbc.spi.SqlExceptionHelper.convert(SqlExceptionHelper.java:94)
	at org.hibernate.resource.jdbc.internal.LogicalConnectionManagedImpl.acquireConnectionIfNeeded(LogicalConnectionManagedImpl.java:129)
	at org.hibernate.resource.jdbc.internal.LogicalConnectionManagedImpl.getPhysicalConnection(LogicalConnectionManagedImpl.java:156)
	at org.hibernate.resource.jdbc.internal.LogicalConnectionManagedImpl.getConnectionForTransactionManagement(LogicalConnectionManagedImpl.java:286)
	at org.hibernate.resource.jdbc.internal.LogicalConnectionManagedImpl.begin(LogicalConnectionManagedImpl.java:294)
	at org.hibernate.resource.transaction.backend.jdbc.internal.JdbcResourceLocalTransactionCoordinatorImpl$TransactionDriverControlImpl.begin(JdbcResourceLocalTransactionCoordinatorImpl.java:232)
	at org.hibernate.engine.transaction.internal.TransactionImpl.begin(TransactionImpl.java:83)
	at org.springframework.orm.jpa.vendor.HibernateJpaDialect.beginTransaction(HibernateJpaDialect.java:176)
	at org.springframework.orm.jpa.JpaTransactionManager.doBegin(JpaTransactionManager.java:420)
	... 23 common frames omitted
Caused by: java.sql.SQLTransientConnectionException: HikariPool-1 - Connection is not available, request timed out after 30006ms (total=0, active=0, idle=0, waiting=0)
	at com.zaxxer.hikari.pool.HikariPool.createTimeoutException(HikariPool.java:686)
	at com.zaxxer.hikari.pool.HikariPool.getConnection(HikariPool.java:179)
	at com.zaxxer.hikari.pool.HikariPool.getConnection(HikariPool.java:144)
	at com.zaxxer.hikari.HikariDataSource.getConnection(HikariDataSource.java:127)
	at org.hibernate.engine.jdbc.connections.internal.DatasourceConnectionProviderImpl.getConnection(DatasourceConnectionProviderImpl.java:122)
	at org.hibernate.internal.NonContextualJdbcConnectionAccess.obtainConnection(NonContextualJdbcConnectionAccess.java:46)
	at org.hibernate.resource.jdbc.internal.LogicalConnectionManagedImpl.acquireConnectionIfNeeded(LogicalConnectionManagedImpl.java:126)
	... 30 common frames omitted
Caused by: java.sql.SQLException: Listener refused the connection with the following error:
ORA-12516, TNS:listener could not find available handler with matching protocol stack
  (CONNECTION_ID=yMdWcU2CQEK3IuqgJLJItg==)
	at oracle.jdbc.driver.T4CConnection.handleLogonNetException(T4CConnection.java:902)
	at oracle.jdbc.driver.T4CConnection.logon(T4CConnection.java:707)
	at oracle.jdbc.driver.PhysicalConnection.connect(PhysicalConnection.java:1094)
	at oracle.jdbc.driver.T4CDriverExtension.getConnection(T4CDriverExtension.java:89)
	at oracle.jdbc.driver.OracleDriver.connect(OracleDriver.java:732)
	at oracle.jdbc.driver.OracleDriver.connect(OracleDriver.java:648)
	at com.zaxxer.hikari.util.DriverDataSource.getConnection(DriverDataSource.java:137)
	at com.zaxxer.hikari.pool.PoolBase.newConnection(PoolBase.java:360)
	at com.zaxxer.hikari.pool.PoolBase.newPoolEntry(PoolBase.java:202)
	at com.zaxxer.hikari.pool.HikariPool.createPoolEntry(HikariPool.java:461)
	at com.zaxxer.hikari.pool.HikariPool$PoolEntryCreator.call(HikariPool.java:724)
	at com.zaxxer.hikari.pool.HikariPool$PoolEntryCreator.call(HikariPool.java:703)
	at java.base/java.util.concurrent.FutureTask.run(FutureTask.java:264)
	... 3 common frames omitted
Caused by: oracle.net.ns.NetException: Listener refused the connection with the following error:
ORA-12516, TNS:listener could not find available handler with matching protocol stack
  (CONNECTION_ID=yMdWcU2CQEK3IuqgJLJItg==)
	at oracle.net.ns.NSProtocolNIO.createRefusePacketException(NSProtocolNIO.java:824)
	at oracle.net.ns.NSProtocolNIO.handleConnectPacketResponse(NSProtocolNIO.java:396)
	at oracle.net.ns.NSProtocolNIO.negotiateConnection(NSProtocolNIO.java:207)
	at oracle.net.ns.NSProtocol.connect(NSProtocol.java:354)
	at oracle.jdbc.driver.T4CConnection.connect(T4CConnection.java:2627)
	at oracle.jdbc.driver.T4CConnection.logon(T4CConnection.java:666)
	... 14 common frames omitted
2026-07-14 14:09:11.761 [scheduling-1] WARN  org.hibernate.engine.jdbc.spi.SqlExceptionHelper - SQL Error: 0, SQLState: 66000
2026-07-14 14:09:11.761 [scheduling-1] ERROR org.hibernate.engine.jdbc.spi.SqlExceptionHelper - HikariPool-1 - Connection is not available, request timed out after 30001ms (total=0, active=0, idle=0, waiting=0)
2026-07-14 14:09:11.761 [scheduling-1] WARN  org.hibernate.engine.jdbc.spi.SqlExceptionHelper - SQL Error: 12516, SQLState: 66000
2026-07-14 14:09:11.761 [scheduling-1] ERROR org.hibernate.engine.jdbc.spi.SqlExceptionHelper - Listener refused the connection with the following error:
ORA-12516, TNS:listener could not find available handler with matching protocol stack
  (CONNECTION_ID=A7RJhX+CRduoAXd2knnBqA==)
2026-07-14 14:09:11.761 [scheduling-1] ERROR o.s.s.support.TaskUtils$LoggingErrorHandler - Unexpected error occurred in scheduled task
org.springframework.transaction.CannotCreateTransactionException: Could not open JPA EntityManager for transaction
	at org.springframework.orm.jpa.JpaTransactionManager.doBegin(JpaTransactionManager.java:466)
	at org.springframework.transaction.support.AbstractPlatformTransactionManager.startTransaction(AbstractPlatformTransactionManager.java:532)
	at org.springframework.transaction.support.AbstractPlatformTransactionManager.getTransaction(AbstractPlatformTransactionManager.java:405)
	at org.springframework.transaction.interceptor.TransactionAspectSupport.createTransactionIfNecessary(TransactionAspectSupport.java:604)
	at org.springframework.transaction.interceptor.TransactionAspectSupport.invokeWithinTransaction(TransactionAspectSupport.java:373)
	at org.springframework.transaction.interceptor.TransactionInterceptor.invoke(TransactionInterceptor.java:119)
	at org.springframework.aop.framework.ReflectiveMethodInvocation.proceed(ReflectiveMethodInvocation.java:184)
	at org.springframework.aop.framework.CglibAopProxy$CglibMethodInvocation.proceed(CglibAopProxy.java:768)
	at org.springframework.aop.framework.CglibAopProxy$DynamicAdvisedInterceptor.intercept(CglibAopProxy.java:720)
	at com.banque.msoc.kafka.OcOutboxPublisher$$SpringCGLIB$$0.publishPendingEvents(<generated>)
	at jdk.internal.reflect.GeneratedMethodAccessor37.invoke(Unknown Source)
	at java.base/jdk.internal.reflect.DelegatingMethodAccessorImpl.invoke(DelegatingMethodAccessorImpl.java:43)
	at java.base/java.lang.reflect.Method.invoke(Method.java:569)
	at org.springframework.scheduling.support.ScheduledMethodRunnable.runInternal(ScheduledMethodRunnable.java:130)
	at org.springframework.scheduling.support.ScheduledMethodRunnable.lambda$run$2(ScheduledMethodRunnable.java:124)
	at io.micrometer.observation.Observation.observe(Observation.java:499)
	at org.springframework.scheduling.support.ScheduledMethodRunnable.run(ScheduledMethodRunnable.java:124)
	at org.springframework.scheduling.support.DelegatingErrorHandlingRunnable.run(DelegatingErrorHandlingRunnable.java:54)
	at java.base/java.util.concurrent.Executors$RunnableAdapter.call(Executors.java:539)
	at java.base/java.util.concurrent.FutureTask.runAndReset(FutureTask.java:305)
	at java.base/java.util.concurrent.ScheduledThreadPoolExecutor$ScheduledFutureTask.run(ScheduledThreadPoolExecutor.java:305)
	at java.base/java.util.concurrent.ThreadPoolExecutor.runWorker(ThreadPoolExecutor.java:1136)
	at java.base/java.util.concurrent.ThreadPoolExecutor$Worker.run(ThreadPoolExecutor.java:635)
	at java.base/java.lang.Thread.run(Thread.java:840)
Caused by: org.hibernate.exception.JDBCConnectionException: Unable to acquire JDBC Connection [HikariPool-1 - Connection is not available, request timed out after 30001ms (total=0, active=0, idle=0, waiting=0)] [n/a]
	at org.hibernate.exception.internal.SQLExceptionTypeDelegate.convert(SQLExceptionTypeDelegate.java:51)
	at org.hibernate.exception.internal.StandardSQLExceptionConverter.convert(StandardSQLExceptionConverter.java:58)
	at org.hibernate.engine.jdbc.spi.SqlExceptionHelper.convert(SqlExceptionHelper.java:108)
	at org.hibernate.engine.jdbc.spi.SqlExceptionHelper.convert(SqlExceptionHelper.java:94)
	at org.hibernate.resource.jdbc.internal.LogicalConnectionManagedImpl.acquireConnectionIfNeeded(LogicalConnectionManagedImpl.java:129)
	at org.hibernate.resource.jdbc.internal.LogicalConnectionManagedImpl.getPhysicalConnection(LogicalConnectionManagedImpl.java:156)
	at org.hibernate.resource.jdbc.internal.LogicalConnectionManagedImpl.getConnectionForTransactionManagement(LogicalConnectionManagedImpl.java:286)
	at org.hibernate.resource.jdbc.internal.LogicalConnectionManagedImpl.begin(LogicalConnectionManagedImpl.java:294)
	at org.hibernate.resource.transaction.backend.jdbc.internal.JdbcResourceLocalTransactionCoordinatorImpl$TransactionDriverControlImpl.begin(JdbcResourceLocalTransactionCoordinatorImpl.java:232)
	at org.hibernate.engine.transaction.internal.TransactionImpl.begin(TransactionImpl.java:83)
	at org.springframework.orm.jpa.vendor.HibernateJpaDialect.beginTransaction(HibernateJpaDialect.java:176)
	at org.springframework.orm.jpa.JpaTransactionManager.doBegin(JpaTransactionManager.java:420)
	... 23 common frames omitted
Caused by: java.sql.SQLTransientConnectionException: HikariPool-1 - Connection is not available, request timed out after 30001ms (total=0, active=0, idle=0, waiting=0)
	at com.zaxxer.hikari.pool.HikariPool.createTimeoutException(HikariPool.java:686)
	at com.zaxxer.hikari.pool.HikariPool.getConnection(HikariPool.java:179)
	at com.zaxxer.hikari.pool.HikariPool.getConnection(HikariPool.java:144)
	at com.zaxxer.hikari.HikariDataSource.getConnection(HikariDataSource.java:127)
	at org.hibernate.engine.jdbc.connections.internal.DatasourceConnectionProviderImpl.getConnection(DatasourceConnectionProviderImpl.java:122)
	at org.hibernate.internal.NonContextualJdbcConnectionAccess.obtainConnection(NonContextualJdbcConnectionAccess.java:46)
	at org.hibernate.resource.jdbc.internal.LogicalConnectionManagedImpl.acquireConnectionIfNeeded(LogicalConnectionManagedImpl.java:126)
	... 30 common frames omitted
Caused by: java.sql.SQLException: Listener refused the connection with the following error:
ORA-12516, TNS:listener could not find available handler with matching protocol stack
  (CONNECTION_ID=A7RJhX+CRduoAXd2knnBqA==)
	at oracle.jdbc.driver.T4CConnection.handleLogonNetException(T4CConnection.java:902)
	at oracle.jdbc.driver.T4CConnection.logon(T4CConnection.java:707)
	at oracle.jdbc.driver.PhysicalConnection.connect(PhysicalConnection.java:1094)
	at oracle.jdbc.driver.T4CDriverExtension.getConnection(T4CDriverExtension.java:89)
	at oracle.jdbc.driver.OracleDriver.connect(OracleDriver.java:732)
	at oracle.jdbc.driver.OracleDriver.connect(OracleDriver.java:648)
	at com.zaxxer.hikari.util.DriverDataSource.getConnection(DriverDataSource.java:137)
	at com.zaxxer.hikari.pool.PoolBase.newConnection(PoolBase.java:360)
	at com.zaxxer.hikari.pool.PoolBase.newPoolEntry(PoolBase.java:202)
	at com.zaxxer.hikari.pool.HikariPool.createPoolEntry(HikariPool.java:461)
	at com.zaxxer.hikari.pool.HikariPool$PoolEntryCreator.call(HikariPool.java:724)
	at com.zaxxer.hikari.pool.HikariPool$PoolEntryCreator.call(HikariPool.java:703)
	at java.base/java.util.concurrent.FutureTask.run(FutureTask.java:264)
	... 3 common frames omitted
Caused by: oracle.net.ns.NetException: Listener refused the connection with the following error:
ORA-12516, TNS:listener could not find available handler with matching protocol stack
  (CONNECTION_ID=A7RJhX+CRduoAXd2knnBqA==)
	at oracle.net.ns.NSProtocolNIO.createRefusePacketException(NSProtocolNIO.java:824)
	at oracle.net.ns.NSProtocolNIO.handleConnectPacketResponse(NSProtocolNIO.java:396)
	at oracle.net.ns.NSProtocolNIO.negotiateConnection(NSProtocolNIO.java:207)
	at oracle.net.ns.NSProtocol.connect(NSProtocol.java:354)
	at oracle.jdbc.driver.T4CConnection.connect(T4CConnection.java:2627)
	at oracle.jdbc.driver.T4CConnection.logon(T4CConnection.java:666)
	... 14 common frames omitted
2026-07-14 14:09:46.780 [scheduling-1] WARN  org.hibernate.engine.jdbc.spi.SqlExceptionHelper - SQL Error: 0, SQLState: 66000
2026-07-14 14:09:46.780 [scheduling-1] ERROR org.hibernate.engine.jdbc.spi.SqlExceptionHelper - HikariPool-1 - Connection is not available, request timed out after 30014ms (total=0, active=0, idle=0, waiting=0)
2026-07-14 14:09:46.780 [scheduling-1] WARN  org.hibernate.engine.jdbc.spi.SqlExceptionHelper - SQL Error: 12516, SQLState: 66000
2026-07-14 14:09:46.780 [scheduling-1] ERROR org.hibernate.engine.jdbc.spi.SqlExceptionHelper - Listener refused the connection with the following error:
ORA-12516, TNS:listener could not find available handler with matching protocol stack
  (CONNECTION_ID=jyl1P9JoRRW4DQvjy5U73g==)
2026-07-14 14:09:46.780 [scheduling-1] ERROR o.s.s.support.TaskUtils$LoggingErrorHandler - Unexpected error occurred in scheduled task
org.springframework.transaction.CannotCreateTransactionException: Could not open JPA EntityManager for transaction
	at org.springframework.orm.jpa.JpaTransactionManager.doBegin(JpaTransactionManager.java:466)
	at org.springframework.transaction.support.AbstractPlatformTransactionManager.startTransaction(AbstractPlatformTransactionManager.java:532)
	at org.springframework.transaction.support.AbstractPlatformTransactionManager.getTransaction(AbstractPlatformTransactionManager.java:405)
	at org.springframework.transaction.interceptor.TransactionAspectSupport.createTransactionIfNecessary(TransactionAspectSupport.java:604)
	at org.springframework.transaction.interceptor.TransactionAspectSupport.invokeWithinTransaction(TransactionAspectSupport.java:373)
	at org.springframework.transaction.interceptor.TransactionInterceptor.invoke(TransactionInterceptor.java:119)
	at org.springframework.aop.framework.ReflectiveMethodInvocation.proceed(ReflectiveMethodInvocation.java:184)
	at org.springframework.aop.framework.CglibAopProxy$CglibMethodInvocation.proceed(CglibAopProxy.java:768)
	at org.springframework.aop.framework.CglibAopProxy$DynamicAdvisedInterceptor.intercept(CglibAopProxy.java:720)
	at com.banque.msoc.kafka.OcOutboxPublisher$$SpringCGLIB$$0.publishPendingEvents(<generated>)
	at jdk.internal.reflect.GeneratedMethodAccessor37.invoke(Unknown Source)
	at java.base/jdk.internal.reflect.DelegatingMethodAccessorImpl.invoke(DelegatingMethodAccessorImpl.java:43)
	at java.base/java.lang.reflect.Method.invoke(Method.java:569)
	at org.springframework.scheduling.support.ScheduledMethodRunnable.runInternal(ScheduledMethodRunnable.java:130)
	at org.springframework.scheduling.support.ScheduledMethodRunnable.lambda$run$2(ScheduledMethodRunnable.java:124)
	at io.micrometer.observation.Observation.observe(Observation.java:499)
	at org.springframework.scheduling.support.ScheduledMethodRunnable.run(ScheduledMethodRunnable.java:124)
	at org.springframework.scheduling.support.DelegatingErrorHandlingRunnable.run(DelegatingErrorHandlingRunnable.java:54)
	at java.base/java.util.concurrent.Executors$RunnableAdapter.call(Executors.java:539)
	at java.base/java.util.concurrent.FutureTask.runAndReset(FutureTask.java:305)
	at java.base/java.util.concurrent.ScheduledThreadPoolExecutor$ScheduledFutureTask.run(ScheduledThreadPoolExecutor.java:305)
	at java.base/java.util.concurrent.ThreadPoolExecutor.runWorker(ThreadPoolExecutor.java:1136)
	at java.base/java.util.concurrent.ThreadPoolExecutor$Worker.run(ThreadPoolExecutor.java:635)
	at java.base/java.lang.Thread.run(Thread.java:840)
Caused by: org.hibernate.exception.JDBCConnectionException: Unable to acquire JDBC Connection [HikariPool-1 - Connection is not available, request timed out after 30014ms (total=0, active=0, idle=0, waiting=0)] [n/a]
	at org.hibernate.exception.internal.SQLExceptionTypeDelegate.convert(SQLExceptionTypeDelegate.java:51)
	at org.hibernate.exception.internal.StandardSQLExceptionConverter.convert(StandardSQLExceptionConverter.java:58)
	at org.hibernate.engine.jdbc.spi.SqlExceptionHelper.convert(SqlExceptionHelper.java:108)
	at org.hibernate.engine.jdbc.spi.SqlExceptionHelper.convert(SqlExceptionHelper.java:94)
	at org.hibernate.resource.jdbc.internal.LogicalConnectionManagedImpl.acquireConnectionIfNeeded(LogicalConnectionManagedImpl.java:129)
	at org.hibernate.resource.jdbc.internal.LogicalConnectionManagedImpl.getPhysicalConnection(LogicalConnectionManagedImpl.java:156)
	at org.hibernate.resource.jdbc.internal.LogicalConnectionManagedImpl.getConnectionForTransactionManagement(LogicalConnectionManagedImpl.java:286)
	at org.hibernate.resource.jdbc.internal.LogicalConnectionManagedImpl.begin(LogicalConnectionManagedImpl.java:294)
	at org.hibernate.resource.transaction.backend.jdbc.internal.JdbcResourceLocalTransactionCoordinatorImpl$TransactionDriverControlImpl.begin(JdbcResourceLocalTransactionCoordinatorImpl.java:232)
	at org.hibernate.engine.transaction.internal.TransactionImpl.begin(TransactionImpl.java:83)
	at org.springframework.orm.jpa.vendor.HibernateJpaDialect.beginTransaction(HibernateJpaDialect.java:176)
	at org.springframework.orm.jpa.JpaTransactionManager.doBegin(JpaTransactionManager.java:420)
	... 23 common frames omitted
Caused by: java.sql.SQLTransientConnectionException: HikariPool-1 - Connection is not available, request timed out after 30014ms (total=0, active=0, idle=0, waiting=0)
	at com.zaxxer.hikari.pool.HikariPool.createTimeoutException(HikariPool.java:686)
	at com.zaxxer.hikari.pool.HikariPool.getConnection(HikariPool.java:179)
	at com.zaxxer.hikari.pool.HikariPool.getConnection(HikariPool.java:144)
	at com.zaxxer.hikari.HikariDataSource.getConnection(HikariDataSource.java:127)
	at org.hibernate.engine.jdbc.connections.internal.DatasourceConnectionProviderImpl.getConnection(DatasourceConnectionProviderImpl.java:122)
	at org.hibernate.internal.NonContextualJdbcConnectionAccess.obtainConnection(NonContextualJdbcConnectionAccess.java:46)
	at org.hibernate.resource.jdbc.internal.LogicalConnectionManagedImpl.acquireConnectionIfNeeded(LogicalConnectionManagedImpl.java:126)
	... 30 common frames omitted
Caused by: java.sql.SQLException: Listener refused the connection with the following error:
ORA-12516, TNS:listener could not find available handler with matching protocol stack
  (CONNECTION_ID=jyl1P9JoRRW4DQvjy5U73g==)
	at oracle.jdbc.driver.T4CConnection.handleLogonNetException(T4CConnection.java:902)
	at oracle.jdbc.driver.T4CConnection.logon(T4CConnection.java:707)
	at oracle.jdbc.driver.PhysicalConnection.connect(PhysicalConnection.java:1094)
	at oracle.jdbc.driver.T4CDriverExtension.getConnection(T4CDriverExtension.java:89)
	at oracle.jdbc.driver.OracleDriver.connect(OracleDriver.java:732)
	at oracle.jdbc.driver.OracleDriver.connect(OracleDriver.java:648)
	at com.zaxxer.hikari.util.DriverDataSource.getConnection(DriverDataSource.java:137)
	at com.zaxxer.hikari.pool.PoolBase.newConnection(PoolBase.java:360)
	at com.zaxxer.hikari.pool.PoolBase.newPoolEntry(PoolBase.java:202)
	at com.zaxxer.hikari.pool.HikariPool.createPoolEntry(HikariPool.java:461)
	at com.zaxxer.hikari.pool.HikariPool$PoolEntryCreator.call(HikariPool.java:724)
	at com.zaxxer.hikari.pool.HikariPool$PoolEntryCreator.call(HikariPool.java:703)
	at java.base/java.util.concurrent.FutureTask.run(FutureTask.java:264)
	... 3 common frames omitted
Caused by: oracle.net.ns.NetException: Listener refused the connection with the following error:
ORA-12516, TNS:listener could not find available handler with matching protocol stack
  (CONNECTION_ID=jyl1P9JoRRW4DQvjy5U73g==)
	at oracle.net.ns.NSProtocolNIO.createRefusePacketException(NSProtocolNIO.java:824)
	at oracle.net.ns.NSProtocolNIO.handleConnectPacketResponse(NSProtocolNIO.java:396)
	at oracle.net.ns.NSProtocolNIO.negotiateConnection(NSProtocolNIO.java:207)
	at oracle.net.ns.NSProtocol.connect(NSProtocol.java:354)
	at oracle.jdbc.driver.T4CConnection.connect(T4CConnection.java:2627)
	at oracle.jdbc.driver.T4CConnection.logon(T4CConnection.java:666)
	... 14 common frames omitted
